{
    "ed3a357": [
        {
            "Parent ID": "t3_abqz0u",
            "Comment ID": "ed3a357",
            "Author": "bluethunder1985",
            "Date Created": "01-02-2019 13:02:06",
            "Upvotes": 7,
            "Text": "Anyone else just realize they are buying bitcoin not really to increase their stash but more to bring their DCA down? Instead of thinking \"I can't wait to have X number of bitcoin\" I am more likely to think, \"I can't wait for my DCA to be below $4500. I think I may be going crazy. ",
            "Edited?": false,
            "Is Submitter?": false,
            "Stickied?": false
        }
    ],
    "ed2rprj": [
        {
            "Parent ID": "t3_abqz0u",
            "Comment ID": "ed2rprj",
            "Author": "BitcoinAlways",
            "Date Created": "01-02-2019 08:33:16",
            "Upvotes": 6,
            "Text": "\\*\\*Come On The Bulls\\*\\* ",
            "Edited?": false,
            "Is Submitter?": false,
            "Stickied?": false
        }
    ],
    "ed2hmdz": [
        {
            "Parent ID": "t3_abqz0u",
            "Comment ID": "ed2hmdz",
            "Author": "SAT0SHl",
            "Date Created": "01-02-2019 03:51:17",
            "Upvotes": 8,
            "Text": "                                         \ud83c\udf18\n\n\n\ud83d\ude80^\ud83d\ude80^\ud83d\ude80^\ud83d\ude80^\ud83d\ude80^\ud83d\ude80^\ud83d\ude80^\ud83d\ude80\n\nBitcoin has entertained from 2009 to 2019 and we are still here. The first level \"Digital Trust\" and security, what a gift, a key to freedom and the evolution of money. There are many levels to come. **HODL** ",
            "Edited?": false,
            "Is Submitter?": false,
            "Stickied?": false
        }
    ],
    "ed2dszo": [
        {
            "Parent ID": "t3_abqz0u",
            "Comment ID": "ed2dszo",
            "Author": "garlic_man",
            "Date Created": "01-02-2019 02:04:47",
            "Upvotes": 5,
            "Text": "I am simultaneously seeing \"we're up for a bull run, HODL\" and \"short before the January dip\". I hope the wisdom of internet strangers like you can help elucidate the correct path.",
            "Edited?": false,
            "Is Submitter?": false,
            "Stickied?": false
        }
    ],
    "ed3ln2h": [
        {
            "Parent ID": "t3_abqz0u",
            "Comment ID": "ed3ln2h",
            "Author": "RulerZod",
            "Date Created": "01-02-2019 15:22:47",
            "Upvotes": 6,
            "Text": "I have a feeling that the proof of keys is gonna be like voting.  \n\nAnyone who is gonna do it already keeps their own keys. And the people who dont understand the importance of holding your own keys will just figure their vote doesnt matter.",
            "Edited?": false,
            "Is Submitter?": false,
            "Stickied?": false
        }
    ],
    "ed4821r": [
        {
            "Parent ID": "t3_abqz0u",
            "Comment ID": "ed4821r",
            "Author": "xelephonte",
            "Date Created": "01-02-2019 19:46:07",
            "Upvotes": 2,
            "Text": "I\u2019m not sure what is relatively lower these days...Bitcoin\u2019s volume or this subreddit # of comments. You know it\u2019s a slow day when even Cryptogrip and the Physicist aren\u2019t around to troll. If BTC\u2019s terrible 2018 year losing 85% of its value isn\u2019t a really bad sign, then the constant low volume these days are. Very discouraging times.",
            "Edited?": false,
            "Is Submitter?": false,
            "Stickied?": false
        }
    ],
    "ed2y5km": [
        {
            "Parent ID": "t3_abqz0u",
            "Comment ID": "ed2y5km",
            "Author": "RulerZod",
            "Date Created": "01-02-2019 10:25:07",
            "Upvotes": 2,
            "Text": "What does everyone think of the falling wedge taking us to $11,800?",
            "Edited?": false,
            "Is Submitter?": false,
            "Stickied?": false
        }
    ],
    "ed4lrhv": [
        {
            "Parent ID": "t3_abqz0u",
            "Comment ID": "ed4lrhv",
            "Author": "GrouchyEmployer",
            "Date Created": "01-02-2019 22:59:33",
            "Upvotes": 1,
            "Text": "best chart watching background music: 'Dawn of Midi' -  album 'Dysnomia' ",
            "Edited?": false,
            "Is Submitter?": false,
            "Stickied?": false
        }
    ],
    "ed4sy6w": [
        {
            "Parent ID": "t3_abqz0u",
            "Comment ID": "ed4sy6w",
            "Author": "[deleted]",
            "Date Created": "01-03-2019 00:56:56",
            "Upvotes": 1,
            "Text": "It\u2019s gonna be a fun day for exchanges today. Thank you Andreas Antonopolous for this great idea. ",
            "Edited?": false,
            "Is Submitter?": false,
            "Stickied?": false
        }
    ],
    "ed3xwyn": [
        {
            "Parent ID": "t3_abqz0u",
            "Comment ID": "ed3xwyn",
            "Author": "[deleted]",
            "Date Created": "01-02-2019 17:36:43",
            "Upvotes": 0,
            "Text": "[deleted]",
            "Edited?": false,
            "Is Submitter?": false,
            "Stickied?": false
        }
    ],
    "ed4l9r4": [
        {
            "Parent ID": "t3_abqz0u",
            "Comment ID": "ed4l9r4",
            "Author": "215VEN",
            "Date Created": "01-02-2019 22:52:07",
            "Upvotes": 0,
            "Text": "Will the \"coinbase\" wallet on my phone suffice for tomorrow?",
            "Edited?": false,
            "Is Submitter?": false,
            "Stickied?": false
        }
    ],
    "ed42vj9": [
        {
            "Parent ID": "t3_abqz0u",
            "Comment ID": "ed42vj9",
            "Author": "Koppoo",
            "Date Created": "01-02-2019 18:37:15",
            "Upvotes": -5,
            "Text": "Are transactions speeds low right now? Been sending other cryptos recently and got used to that transaction is finalized within minute. Now I have been waiting btc transaction to go through over 10 minutes... Feels very annoying ",
            "Edited?": false,
            "Is Submitter?": false,
            "Stickied?": false
        }
    ],
    "ed3zto7": [
        {
            "Parent ID": "t3_abqz0u",
            "Comment ID": "ed3zto7",
            "Author": "dont_hate_scienceguy",
            "Date Created": "01-02-2019 17:57:40",
            "Upvotes": -2,
            "Text": "Go BTC! This is the pamp we've been waiting for!!",
            "Edited?": false,
            "Is Submitter?": false,
            "Stickied?": false
        }
    ],
    "ed3i6qe": [
        {
            "Parent ID": "t1_ed3a357",
            "Comment ID": "ed3i6qe",
            "Author": "CrapCloud",
            "Date Created": "01-02-2019 14:40:58",
            "Upvotes": 9,
            "Text": "We are 485 days away from the next halving and the clock is ticking. DCAing right now is the most rational thing to do at this point. These prices are an opportunity buyers shouldn't pass up. ",
            "Edited?": false,
            "Is Submitter?": false,
            "Stickied?": false
        }
    ],
    "ed3r9qa": [
        {
            "Parent ID": "t1_ed3a357",
            "Comment ID": "ed3r9qa",
            "Author": "Spykwak",
            "Date Created": "01-02-2019 16:29:12",
            "Upvotes": 3,
            "Text": "I try to remain calm in my DCAing and keep throwing \u201conly\u201d 5% of each monthly paycheck in Bitcoin.\n\nMy average buying price is in the red atm. But I get both effect. My stack is growing and my average buy in price is decreasing.\n\nAnother indicator I\u2019m following is the gap between spot price and my average buying price and see if this gap in absolute and percentage is decreasing during my DCAing.\n\nThe point is to not act on emotion and be like the honey badger. Keep buying/HODL and not paying too much attention to te price action between each trade.",
            "Edited?": false,
            "Is Submitter?": false,
            "Stickied?": false
        }
    ],
    "ed2tv7s": [
        {
            "Parent ID": "t1_ed2rprj",
            "Comment ID": "ed2tv7s",
            "Author": "The-Physicist",
            "Date Created": "01-02-2019 09:14:40",
            "Upvotes": 2,
            "Text": "That\u2019s better ",
            "Edited?": false,
            "Is Submitter?": false,
            "Stickied?": false
        }
    ],
    "ed2tpp2": [
        {
            "Parent ID": "t1_ed2rprj",
            "Comment ID": "ed2tpp2",
            "Author": "RulerZod",
            "Date Created": "01-02-2019 09:11:54",
            "Upvotes": 1,
            "Text": "*Cum on the bulls",
            "Edited?": false,
            "Is Submitter?": false,
            "Stickied?": false
        }
    ],
    "ed2e95v": [
        {
            "Parent ID": "t1_ed2dszo",
            "Comment ID": "ed2e95v",
            "Author": "CanadianRegi",
            "Date Created": "01-02-2019 02:16:17",
            "Upvotes": 11,
            "Text": "It's either going to go up, or down\n\nIt may also do neither",
            "Edited?": false,
            "Is Submitter?": false,
            "Stickied?": false
        }
    ],
    "ed2n5cz": [
        {
            "Parent ID": "t1_ed2dszo",
            "Comment ID": "ed2n5cz",
            "Author": "Parcus43",
            "Date Created": "01-02-2019 06:41:17",
            "Upvotes": 3,
            "Text": "It's definately going sideways.",
            "Edited?": false,
            "Is Submitter?": false,
            "Stickied?": false
        }
    ],
    "ed3my4c": [
        {
            "Parent ID": "t1_ed3ln2h",
            "Comment ID": "ed3my4c",
            "Author": "benpub",
            "Date Created": "01-02-2019 15:38:28",
            "Upvotes": 3,
            "Text": "moved from coinbase to wallet over last few days none on the exchage.",
            "Edited?": false,
            "Is Submitter?": false,
            "Stickied?": false
        }
    ],
    "ed37vgh": [
        {
            "Parent ID": "t1_ed2y5km",
            "Comment ID": "ed37vgh",
            "Author": "BitcoinAlways",
            "Date Created": "01-02-2019 12:34:55",
            "Upvotes": 6,
            "Text": "How about we try to get to $4k and then to $5k first  :) ",
            "Edited?": false,
            "Is Submitter?": false,
            "Stickied?": false
        }
    ],
    "ed398p7": [
        {
            "Parent ID": "t1_ed2y5km",
            "Comment ID": "ed398p7",
            "Author": "TimG444",
            "Date Created": "01-02-2019 12:51:47",
            "Upvotes": 2,
            "Text": "We keep consolidating at lower high after lower high. How does anyone think we will moon right now?",
            "Edited?": false,
            "Is Submitter?": false,
            "Stickied?": false
        }
    ],
    "ed32t4z": [
        {
            "Parent ID": "t1_ed2y5km",
            "Comment ID": "ed32t4z",
            "Author": "ChapDog",
            "Date Created": "01-02-2019 11:30:03",
            "Upvotes": 1,
            "Text": "I saw that to from the moon. I'd like it to be true, but it's a little funny how 11 months of prices falling could be considered bullish lol.",
            "Edited?": false,
            "Is Submitter?": false,
            "Stickied?": false
        }
    ],
    "ed4pa33": [
        {
            "Parent ID": "t1_ed4lrhv",
            "Comment ID": "ed4pa33",
            "Author": "biggunsg0b00m",
            "Date Created": "01-02-2019 23:53:15",
            "Upvotes": 1,
            "Text": "Or better yet\nMarduk - panzer division marduk",
            "Edited?": false,
            "Is Submitter?": false,
            "Stickied?": false
        }
    ],
    "ed4sje4": [
        {
            "Parent ID": "t1_ed4l9r4",
            "Comment ID": "ed4sje4",
            "Author": "ima_computer",
            "Date Created": "01-03-2019 00:49:20",
            "Upvotes": 3,
            "Text": "The useful question to ask about any wallet is \"do I have the private key or back up phrase for this wallet\"?  If the answer is no, or you don't know what that is, then you probably have a custodial wallet and don't really own your Bitcoin.",
            "Edited?": false,
            "Is Submitter?": false,
            "Stickied?": false
        }
    ],
    "ed4mhkq": [
        {
            "Parent ID": "t1_ed4l9r4",
            "Comment ID": "ed4mhkq",
            "Author": "RulerZod",
            "Date Created": "01-02-2019 23:10:31",
            "Upvotes": 2,
            "Text": "No",
            "Edited?": false,
            "Is Submitter?": false,
            "Stickied?": false
        }
    ],
    "ed4svnh": [
        {
            "Parent ID": "t1_ed4l9r4",
            "Comment ID": "ed4svnh",
            "Author": "[deleted]",
            "Date Created": "01-03-2019 00:55:39",
            "Upvotes": 1,
            "Text": " No",
            "Edited?": false,
            "Is Submitter?": false,
            "Stickied?": false
        }
    ],
    "ed46s0i": [
        {
            "Parent ID": "t1_ed42vj9",
            "Comment ID": "ed46s0i",
            "Author": "AussieBitcoiner",
            "Date Created": "01-02-2019 19:29:00",
            "Upvotes": 3,
            "Text": "unlike most other digital currencies, bitcoin is decentralised which means people run their own nodes. the drawback of this is that on-chain transactions are slower and limited in number.\n\nThe solution to this issue is to introduce second layers built on top of bitcoin, the main one being the Lightning Network. Once an LN channel is open (using an on-chain transaction), the number of transactions you can make is unlimited, and the confirmation time is a couple of seconds.\n\ngive it a go! the easiest way to jump in is probably the eclair wallet on Android",
            "Edited?": "01-02-2019 19:32:24",
            "Is Submitter?": false,
            "Stickied?": false
        }
    ],
    "ed45yci": [
        {
            "Parent ID": "t1_ed42vj9",
            "Comment ID": "ed45yci",
            "Author": "Middle0fNowhere",
            "Date Created": "01-02-2019 19:18:01",
            "Upvotes": 3,
            "Text": "1 confirmation is always 10 mins on average. For 10 years now.",
            "Edited?": false,
            "Is Submitter?": false,
            "Stickied?": false
        }
    ],
    "ed3jlpj": [
        {
            "Parent ID": "t1_ed3i6qe",
            "Comment ID": "ed3jlpj",
            "Author": "The-Physicist",
            "Date Created": "01-02-2019 14:58:09",
            "Upvotes": 8,
            "Text": "/ #ballsdeepin2019",
            "Edited?": false,
            "Is Submitter?": false,
            "Stickied?": false
        }
    ],
    "ed3v5dr": [
        {
            "Parent ID": "t1_ed3r9qa",
            "Comment ID": "ed3v5dr",
            "Author": "bluethunder1985",
            "Date Created": "01-02-2019 17:08:13",
            "Upvotes": 1,
            "Text": "Agreed ",
            "Edited?": false,
            "Is Submitter?": false,
            "Stickied?": false
        }
    ],
    "ed4fgya": [
        {
            "Parent ID": "t1_ed3r9qa",
            "Comment ID": "ed4fgya",
            "Author": "Nursing_guy",
            "Date Created": "01-02-2019 21:28:42",
            "Upvotes": 1,
            "Text": "My SO wanted me to put more money into BTC when I explained DCA. I had to remind them that we made our purchasing plan based off of \"What we won't regret losing.\" We were ecstatic to receive a small amount of money from relatives at Christmas that we didn't mind throwing in though",
            "Edited?": false,
            "Is Submitter?": false,
            "Stickied?": false
        }
    ],
    "ed3d4ra": [
        {
            "Parent ID": "t1_ed2tpp2",
            "Comment ID": "ed3d4ra",
            "Author": "GreenStretch",
            "Date Created": "01-02-2019 13:39:24",
            "Upvotes": 1,
            "Text": "Kneel before Zod, indeed.",
            "Edited?": false,
            "Is Submitter?": false,
            "Stickied?": false
        }
    ],
    "ed3dqdd": [
        {
            "Parent ID": "t1_ed2e95v",
            "Comment ID": "ed3dqdd",
            "Author": "cubalibre101",
            "Date Created": "01-02-2019 13:46:45",
            "Upvotes": 2,
            "Text": "One thing is for sure: it moves in the direction of maximum pain.",
            "Edited?": false,
            "Is Submitter?": false,
            "Stickied?": false
        }
    ],
    "ed2gyxg": [
        {
            "Parent ID": "t1_ed2e95v",
            "Comment ID": "ed2gyxg",
            "Author": "Thinkmoreaboutit",
            "Date Created": "01-02-2019 03:31:16",
            "Upvotes": 2,
            "Text": "Whatever it's doing, it's been doing it for: 99.9831297479% of the time.\n\nhttp://bitcoinuptime.com/",
            "Edited?": false,
            "Is Submitter?": false,
            "Stickied?": false
        }
    ],
    "ed2okiw": [
        {
            "Parent ID": "t1_ed2n5cz",
            "Comment ID": "ed2okiw",
            "Author": "skaska23",
            "Date Created": "01-02-2019 07:20:15",
            "Upvotes": 1,
            "Text": "This and little up. Everybody will be happy.",
            "Edited?": false,
            "Is Submitter?": false,
            "Stickied?": false
        }
    ],
    "ed3nx7g": [
        {
            "Parent ID": "t1_ed3my4c",
            "Comment ID": "ed3nx7g",
            "Author": "RulerZod",
            "Date Created": "01-02-2019 15:49:57",
            "Upvotes": 3,
            "Text": "But was that what you normally do when you buy or did you just start doing that?",
            "Edited?": false,
            "Is Submitter?": false,
            "Stickied?": false
        }
    ],
    "ed4air7": [
        {
            "Parent ID": "t1_ed46s0i",
            "Comment ID": "ed4air7",
            "Author": "RulerZod",
            "Date Created": "01-02-2019 20:20:05",
            "Upvotes": 6,
            "Text": "Hes an Ethhead. Hes playing dumb and concern trolling. Dont waste your time.",
            "Edited?": false,
            "Is Submitter?": false,
            "Stickied?": false
        }
    ],
    "ed4788l": [
        {
            "Parent ID": "t1_ed46s0i",
            "Comment ID": "ed4788l",
            "Author": "Koppoo",
            "Date Created": "01-02-2019 19:34:59",
            "Upvotes": 0,
            "Text": "If we want average joes to use bitcoin instead of faster coins how easy it is to use lightning? Its a huge issue that will matter a lot. ",
            "Edited?": false,
            "Is Submitter?": false,
            "Stickied?": false
        }
    ],
    "ed3m960": [
        {
            "Parent ID": "t1_ed3jlpj",
            "Comment ID": "ed3m960",
            "Author": "bluethunder1985",
            "Date Created": "01-02-2019 15:30:06",
            "Upvotes": 5,
            "Text": "hahaha.....no doubt",
            "Edited?": false,
            "Is Submitter?": false,
            "Stickied?": false
        }
    ],
    "ed3fgmn": [
        {
            "Parent ID": "t1_ed3d4ra",
            "Comment ID": "ed3fgmn",
            "Author": "RulerZod",
            "Date Created": "01-02-2019 14:07:38",
            "Upvotes": 1,
            "Text": "You have 102 BTC? Damn you sexy Bastard!",
            "Edited?": false,
            "Is Submitter?": false,
            "Stickied?": false
        }
    ],
    "ed2i50a": [
        {
            "Parent ID": "t1_ed2gyxg",
            "Comment ID": "ed2i50a",
            "Author": "Spykwak",
            "Date Created": "01-02-2019 04:06:59",
            "Upvotes": 4,
            "Text": "How is this calculated? How can a decentralized network be completely down? Is he getting a heartbeat from a single node? Or does he get a heartbeat from every node :-p When is Bitcoin considered to be technically down/unreachable ?",
            "Edited?": false,
            "Is Submitter?": false,
            "Stickied?": false
        }
    ],
    "ed3zctq": [
        {
            "Parent ID": "t1_ed3nx7g",
            "Comment ID": "ed3zctq",
            "Author": "benpub",
            "Date Created": "01-02-2019 17:51:57",
            "Upvotes": 1,
            "Text": "Some in storage some on exchange moved all off exchange",
            "Edited?": false,
            "Is Submitter?": false,
            "Stickied?": false
        }
    ],
    "ed479xy": [
        {
            "Parent ID": "t1_ed3nx7g",
            "Comment ID": "ed479xy",
            "Author": "AussieBitcoiner",
            "Date Created": "01-02-2019 19:35:37",
            "Upvotes": 1,
            "Text": "the main goal I think is to make more people aware about the issue of holding your own keys. Many jumped in recently without learning about what bitcoin actually is, hopefully some of them will become more aware through this push. ",
            "Edited?": false,
            "Is Submitter?": false,
            "Stickied?": false
        }
    ],
    "ed48c02": [
        {
            "Parent ID": "t1_ed4788l",
            "Comment ID": "ed48c02",
            "Author": "AussieBitcoiner",
            "Date Created": "01-02-2019 19:49:57",
            "Upvotes": 5,
            "Text": "it is getting easier. eclair makes it simple to jump in and give it a go, but I don't think you can receive through that yet. more apps are being built (e.g. Zap (iOS and desktop), Joule (Chrome browser plug-in)) which makes using an LN node very simple, but setting up the node initially still requires a few steps.\n\nPeople are aware of this, many developers are working on it and rapid progress is happening.",
            "Edited?": false,
            "Is Submitter?": false,
            "Stickied?": false
        }
    ],
    "ed4pm72": [
        {
            "Parent ID": "t1_ed4788l",
            "Comment ID": "ed4pm72",
            "Author": "my2sats",
            "Date Created": "01-02-2019 23:58:26",
            "Upvotes": 2,
            "Text": "!lntip 42",
            "Edited?": false,
            "Is Submitter?": false,
            "Stickied?": false
        }
    ],
    "ed3udv4": [
        {
            "Parent ID": "t1_ed3fgmn",
            "Comment ID": "ed3udv4",
            "Author": "GreenStretch",
            "Date Created": "01-02-2019 17:00:22",
            "Upvotes": 1,
            "Text": "No, rotfl!",
            "Edited?": false,
            "Is Submitter?": false,
            "Stickied?": false
        }
    ],
    "ed2tz85": [
        {
            "Parent ID": "t1_ed2i50a",
            "Comment ID": "ed2tz85",
            "Author": "CryptoViceroy",
            "Date Created": "01-02-2019 09:16:41",
            "Upvotes": 4,
            "Text": "Looks like he's using some forks as indicators of downtime (I wouldn't quite call it downtime though, blocks were still being mined so it was still up and running imo).\n\nBut perhaps you could say it was downtime as any transaction submitted or blocks mined on the \"bad chains\" would have been undone shortly after.\n\nIn 2010 we had the [Value overflow incident](https://en.bitcoin.it/wiki/Value_overflow_incident)\n\nThen in 2013 there was a bug that caused an [unexpected fork](https://github.com/bitcoin/bips/blob/master/bip-0050.mediawiki) that caused all sorts of mayhem.",
            "Edited?": false,
            "Is Submitter?": false,
            "Stickied?": false
        }
    ],
    "ed2uato": [
        {
            "Parent ID": "t1_ed2i50a",
            "Comment ID": "ed2uato",
            "Author": "CanadianRegi",
            "Date Created": "01-02-2019 09:22:23",
            "Upvotes": 1,
            "Text": "It looks like it just takes 6:20 as an accepted downtime ([\"source\"](http://vincesamios.com/bitcoins/accidental-hardfork-the-resilience-of-a-fledgling-bitcoin)) from the Bitcoin inception",
            "Edited?": false,
            "Is Submitter?": false,
            "Stickied?": false
        }
    ],
    "ed2iiam": [
        {
            "Parent ID": "t1_ed2i50a",
            "Comment ID": "ed2iiam",
            "Author": "Thinkmoreaboutit",
            "Date Created": "01-02-2019 04:18:23",
            "Upvotes": 1,
            "Text": "https://github.com/findbl0k/bitcoinUptime",
            "Edited?": false,
            "Is Submitter?": false,
            "Stickied?": false
        }
    ],
    "ed49ach": [
        {
            "Parent ID": "t1_ed48c02",
            "Comment ID": "ed49ach",
            "Author": "nishbot",
            "Date Created": "01-02-2019 20:02:56",
            "Upvotes": -2,
            "Text": "Rapid progress? How long has LN been out?",
            "Edited?": false,
            "Is Submitter?": false,
            "Stickied?": false
        }
    ],
    "ed4pmf1": [
        {
            "Parent ID": "t1_ed4pm72",
            "Comment ID": "ed4pmf1",
            "Author": "lntipbot",
            "Date Created": "01-02-2019 23:58:32",
            "Upvotes": 2,
            "Text": "Hi u/my2sats, thanks for tipping u/Koppoo **42** satoshis!\n***\n*[^(More info)](https://www.reddit.com/r/lntipbot/wiki/index) ^| [^(Balance)](https://www.reddit.com/message/compose/?to=lntipbot&subject=balance&message=!balance) ^| [^(Deposit)](https://www.reddit.com/message/compose/?to=lntipbot&subject=deposit&message=!deposit 10000) ^| [^(Withdraw)](https://www.reddit.com/message/compose/?to=lntipbot&subject=withdraw&message=!withdraw put_invoice_here) ^| ^(Something wrong?  Have a question?) [^(Send me a message)](https://www.reddit.com/message/compose/?to=drmoore718)*",
            "Edited?": false,
            "Is Submitter?": false,
            "Stickied?": false
        }
    ],
    "ed3pb84": [
        {
            "Parent ID": "t1_ed2tz85",
            "Comment ID": "ed3pb84",
            "Author": "Spykwak",
            "Date Created": "01-02-2019 16:06:25",
            "Upvotes": 1,
            "Text": "thanks for the reference :-) I\u2019ll have some reading :-)",
            "Edited?": false,
            "Is Submitter?": false,
            "Stickied?": false
        }
    ],
    "ed3qkxh": [
        {
            "Parent ID": "t1_ed2uato",
            "Comment ID": "ed3qkxh",
            "Author": "Spykwak",
            "Date Created": "01-02-2019 16:21:32",
            "Upvotes": 1,
            "Text": "So the downtime is the payement processors and exchange that stopped transaction to avoid double spent and wait for the longest chain that wasn\u2019t clear because of a unintentional fork caused by a network upgrade.",
            "Edited?": false,
            "Is Submitter?": false,
            "Stickied?": false
        }
    ],
    "ed4f3d8": [
        {
            "Parent ID": "t1_ed49ach",
            "Comment ID": "ed4f3d8",
            "Author": "Nursing_guy",
            "Date Created": "01-02-2019 21:23:26",
            "Upvotes": 4,
            "Text": "Less than a year, as a technology that only exists on-chain because people modified it against the advice of the primary developers, but looking at your history I'm sure you knew that your post was disingenuous.\n\nYes Rapid Progress. In fact one of the most rapidly developing technologies in the history of the world by any metric you could think of.",
            "Edited?": false,
            "Is Submitter?": false,
            "Stickied?": false
        }
    ]
}