{
    "eflj51f": [
        {
            "Parent ID": "t3_ambs2l",
            "Comment ID": "eflj51f",
            "Author": "BashCo",
            "Date Created": "02-02-2019 11:13:54",
            "Upvotes": 1,
            "Text": "[The new r/Bitcoin recap thread is up.](https://www.reddit.com/r/Bitcoin/comments/amfeos/rbitcoin_recap_january_2019/)",
            "Edited?": false,
            "Is Submitter?": false,
            "Stickied?": true
        }
    ],
    "efkx45w": [
        {
            "Parent ID": "t3_ambs2l",
            "Comment ID": "efkx45w",
            "Author": "Dont-Reply_I_SUCK",
            "Date Created": "02-02-2019 03:17:57",
            "Upvotes": 7,
            "Text": "how do I get on lightning network? ",
            "Edited?": false,
            "Is Submitter?": false,
            "Stickied?": false
        }
    ],
    "efl5wjv": [
        {
            "Parent ID": "t3_ambs2l",
            "Comment ID": "efl5wjv",
            "Author": "[deleted]",
            "Date Created": "02-02-2019 07:27:20",
            "Upvotes": 6,
            "Text": "Here come the articles about USA citizens and their outdated crypto tax code putting fear of prison and the new irs crypto force. \nWhy do USA citizens put up with it? Democracy works for the people in theory not the other way around. Most modern countries have updated crypto tax codes except the richest one controlled by the most powerful central bank. As an intern there, I looked at their code and it hasn\u2019t changed in years since then. Taxed as earned income and capital gains. Hopefully they write off the losses so the irs has to update the code or lose a shit of US dollars. ",
            "Edited?": false,
            "Is Submitter?": false,
            "Stickied?": false
        }
    ],
    "efkubxk": [
        {
            "Parent ID": "t3_ambs2l",
            "Comment ID": "efkubxk",
            "Author": "[deleted]",
            "Date Created": "02-02-2019 02:05:05",
            "Upvotes": 2,
            "Text": "And so it begins.",
            "Edited?": false,
            "Is Submitter?": false,
            "Stickied?": false
        }
    ],
    "eflh6jl": [
        {
            "Parent ID": "t3_ambs2l",
            "Comment ID": "eflh6jl",
            "Author": "kfull",
            "Date Created": "02-02-2019 10:46:28",
            "Upvotes": 1,
            "Text": "I\u2019ve been a little out of the loop lately on the latest developments in crypto/bitcoin. I have a sizeable holding from when I bought mostly in 2014/15.(I have taken profits along the way and have made ~3X back what I put in) I\u2019m holding because I still believe bitcoin has another big run in it within the next few years, however I\u2019ve been growing more and more skeptical that bitcoin will ever truely be mass adopted. Is there anything on the horizon or in current development that could sway me otherwise? ",
            "Edited?": false,
            "Is Submitter?": false,
            "Stickied?": false
        }
    ],
    "eflpir6": [
        {
            "Parent ID": "t3_ambs2l",
            "Comment ID": "eflpir6",
            "Author": "[deleted]",
            "Date Created": "02-02-2019 12:37:58",
            "Upvotes": 0,
            "Text": "[deleted]",
            "Edited?": false,
            "Is Submitter?": false,
            "Stickied?": false
        }
    ],
    "efmt983": [
        {
            "Parent ID": "t3_ambs2l",
            "Comment ID": "efmt983",
            "Author": "[deleted]",
            "Date Created": "02-02-2019 21:45:54",
            "Upvotes": 0,
            "Text": "[deleted]",
            "Edited?": false,
            "Is Submitter?": false,
            "Stickied?": false
        }
    ],
    "efm9toq": [
        {
            "Parent ID": "t3_ambs2l",
            "Comment ID": "efm9toq",
            "Author": "Choked_and_separated",
            "Date Created": "02-02-2019 17:09:20",
            "Upvotes": -1,
            "Text": "Can anyone explain why my bread wallet bitcoin that I\u2019m trying to transfer keeps getting sent back?",
            "Edited?": false,
            "Is Submitter?": false,
            "Stickied?": false
        }
    ],
    "eflcyzc": [
        {
            "Parent ID": "t3_ambs2l",
            "Comment ID": "eflcyzc",
            "Author": "[deleted]",
            "Date Created": "02-02-2019 09:41:27",
            "Upvotes": -2,
            "Text": "[removed]",
            "Edited?": false,
            "Is Submitter?": false,
            "Stickied?": false
        }
    ],
    "efl1019": [
        {
            "Parent ID": "t1_efkx45w",
            "Comment ID": "efl1019",
            "Author": "tomius",
            "Date Created": "02-02-2019 05:16:34",
            "Upvotes": 4,
            "Text": "An easy way to make LN payments is downloading Blue Wallet. Incredibly easy to use.",
            "Edited?": false,
            "Is Submitter?": false,
            "Stickied?": false
        }
    ],
    "efkxx2o": [
        {
            "Parent ID": "t1_efkx45w",
            "Comment ID": "efkxx2o",
            "Author": "gonzobon",
            "Date Created": "02-02-2019 03:40:47",
            "Upvotes": 1,
            "Text": "If you are tech savvy, get a raspberry pi and set up a lightning node\n\nIf not. You can buy a ready to go box like CasaHODL or Nodl. \n\nAlternatively there are wallets you can use on your mobile wallet. But they won't be a full node. ",
            "Edited?": false,
            "Is Submitter?": false,
            "Stickied?": false
        }
    ],
    "eflivux": [
        {
            "Parent ID": "t1_efl5wjv",
            "Comment ID": "eflivux",
            "Author": "againstmethod",
            "Date Created": "02-02-2019 11:10:20",
            "Upvotes": 1,
            "Text": "Effective tax rates are far higher in other developed countries.  And you all treat crypto like an investment. \n\nI'd say you're clueless.  Sorry we don't allow you to evade the relatively low taxes in our country. ",
            "Edited?": false,
            "Is Submitter?": false,
            "Stickied?": false
        }
    ],
    "efkuw5e": [
        {
            "Parent ID": "t1_efkubxk",
            "Comment ID": "efkuw5e",
            "Author": "[deleted]",
            "Date Created": "02-02-2019 02:18:28",
            "Upvotes": 4,
            "Text": "[deleted]",
            "Edited?": false,
            "Is Submitter?": false,
            "Stickied?": false
        }
    ],
    "efmm2oj": [
        {
            "Parent ID": "t1_eflh6jl",
            "Comment ID": "efmm2oj",
            "Author": "[deleted]",
            "Date Created": "02-02-2019 20:02:24",
            "Upvotes": 4,
            "Text": "[deleted]",
            "Edited?": "02-15-2019 05:44:01",
            "Is Submitter?": false,
            "Stickied?": false
        }
    ],
    "eflki1p": [
        {
            "Parent ID": "t1_eflh6jl",
            "Comment ID": "eflki1p",
            "Author": "diydude2",
            "Date Created": "02-02-2019 11:32:14",
            "Upvotes": -7,
            "Text": "Mass adoption will happen out of necessity when the banks collapse -- which is on the horizon. Serious problems exist in traditional financial ledgers, just the problem Bitcoin and blockchain were meant to solve. \n\nPeople will be much more amenable to peer-to-peer money when these problems become apparent in the form of not being able to use bank cards, payments not hitting accounts in a timely manner, bail ins/outs and the like. \n\nThis will happen within the next year. Hold on to that BTC. It will come in handy.",
            "Edited?": false,
            "Is Submitter?": false,
            "Stickied?": false
        }
    ],
    "efmk5aj": [
        {
            "Parent ID": "t1_eflpir6",
            "Comment ID": "efmk5aj",
            "Author": "Danny1878",
            "Date Created": "02-02-2019 19:35:02",
            "Upvotes": 1,
            "Text": "!lntip 34",
            "Edited?": false,
            "Is Submitter?": false,
            "Stickied?": false
        }
    ],
    "efmuoy4": [
        {
            "Parent ID": "t1_efmt983",
            "Comment ID": "efmuoy4",
            "Author": "diydude2",
            "Date Created": "02-02-2019 22:07:06",
            "Upvotes": 2,
            "Text": "No. Only if you sell. Never sell. Problem solved.",
            "Edited?": false,
            "Is Submitter?": false,
            "Stickied?": false
        }
    ],
    "efmur4a": [
        {
            "Parent ID": "t1_efm9toq",
            "Comment ID": "efmur4a",
            "Author": "diydude2",
            "Date Created": "02-02-2019 22:08:00",
            "Upvotes": 2,
            "Text": "I smell bullshit...",
            "Edited?": false,
            "Is Submitter?": false,
            "Stickied?": false
        }
    ],
    "efmg8vp": [
        {
            "Parent ID": "t1_efm9toq",
            "Comment ID": "efmg8vp",
            "Author": "Poop_Shame",
            "Date Created": "02-02-2019 18:39:10",
            "Upvotes": 3,
            "Text": "Call Bitcoin customer support. ",
            "Edited?": false,
            "Is Submitter?": false,
            "Stickied?": false
        }
    ],
    "efn0b0g": [
        {
            "Parent ID": "t1_efm9toq",
            "Comment ID": "efn0b0g",
            "Author": "tendrloin_aristocrat",
            "Date Created": "02-02-2019 23:34:20",
            "Upvotes": 1,
            "Text": "Email and tweet @ the CEO. His name is Roger.",
            "Edited?": false,
            "Is Submitter?": false,
            "Stickied?": false
        }
    ],
    "efldb8m": [
        {
            "Parent ID": "t1_eflcyzc",
            "Comment ID": "efldb8m",
            "Author": "[deleted]",
            "Date Created": "02-02-2019 09:47:07",
            "Upvotes": 0,
            "Text": "[removed]",
            "Edited?": false,
            "Is Submitter?": false,
            "Stickied?": false
        }
    ],
    "efl3b62": [
        {
            "Parent ID": "t1_efl1019",
            "Comment ID": "efl3b62",
            "Author": "BashCo",
            "Date Created": "02-02-2019 06:20:16",
            "Upvotes": 10,
            "Text": "We should always explain that Blue Wallet uses purely custodial LN channels. It's also in very early beta, and therefore the withdrawal function has not yet been implemented. Instead, one must exchange the LN funds via a 3rd party.",
            "Edited?": false,
            "Is Submitter?": false,
            "Stickied?": false
        }
    ],
    "efkzfbg": [
        {
            "Parent ID": "t1_efkxx2o",
            "Comment ID": "efkzfbg",
            "Author": "Dont-Reply_I_SUCK",
            "Date Created": "02-02-2019 04:26:32",
            "Upvotes": 4,
            "Text": "I just want to show off in front of people that my magic internet money works somewhere. And I want to do it cheap and easy.... \n\nThese 1st world problems really are the most important problems. ",
            "Edited?": false,
            "Is Submitter?": false,
            "Stickied?": false
        }
    ],
    "efl5f92": [
        {
            "Parent ID": "t1_efkxx2o",
            "Comment ID": "efl5f92",
            "Author": "[deleted]",
            "Date Created": "02-02-2019 07:15:53",
            "Upvotes": 1,
            "Text": "[deleted]",
            "Edited?": "02-07-2019 15:13:52",
            "Is Submitter?": false,
            "Stickied?": false
        }
    ],
    "efm3tpv": [
        {
            "Parent ID": "t1_eflivux",
            "Comment ID": "efm3tpv",
            "Author": "cryptogrip",
            "Date Created": "02-02-2019 15:46:35",
            "Upvotes": 4,
            "Text": "I don't think he's talking about evading taxes. He is simply saying that he feels they should update the tax laws with regards to how they apply to crypto.",
            "Edited?": false,
            "Is Submitter?": false,
            "Stickied?": false
        }
    ],
    "efkvc1y": [
        {
            "Parent ID": "t1_efkuw5e",
            "Comment ID": "efkvc1y",
            "Author": "gl00pp",
            "Date Created": "02-02-2019 02:29:39",
            "Upvotes": 7,
            "Text": "Waiting for the halvening to.......",
            "Edited?": false,
            "Is Submitter?": false,
            "Stickied?": false
        }
    ],
    "efm7xsr": [
        {
            "Parent ID": "t1_eflki1p",
            "Comment ID": "efm7xsr",
            "Author": "BitcoinAlways",
            "Date Created": "02-02-2019 16:43:18",
            "Upvotes": 10,
            "Text": "I think anyone who thinks banks are going to collapse in the next 20 years is close to crazy. ",
            "Edited?": false,
            "Is Submitter?": false,
            "Stickied?": false
        }
    ],
    "efloaeo": [
        {
            "Parent ID": "t1_eflki1p",
            "Comment ID": "efloaeo",
            "Author": "avoiddance",
            "Date Created": "02-02-2019 12:22:07",
            "Upvotes": 9,
            "Text": "This isnt Fight Club. Why do you think the banks will collapse in the developed world? Bitcoin can be shut down by pulling power from the top 3 mining orgs - if bitcoin threatens the financial power of govs they will kill it. They can also block traffic to the mempool and make use and mining illegal.\n\nI like the fantasy of bitcoin, but realistically the powers that be will kill bitcoin, and its users, to preserve their power.",
            "Edited?": false,
            "Is Submitter?": false,
            "Stickied?": false
        }
    ],
    "eflqnbn": [
        {
            "Parent ID": "t1_eflki1p",
            "Comment ID": "eflqnbn",
            "Author": "Poop_Shame",
            "Date Created": "02-02-2019 12:52:31",
            "Upvotes": 3,
            "Text": "How will mass adoption take place after the banks collapse? What are they going to buy Bitcoin with if fiat is worthless?",
            "Edited?": false,
            "Is Submitter?": false,
            "Stickied?": false
        }
    ],
    "efmk5ye": [
        {
            "Parent ID": "t1_efmk5aj",
            "Comment ID": "efmk5ye",
            "Author": "lntipbot",
            "Date Created": "02-02-2019 19:35:18",
            "Upvotes": 1,
            "Text": "Hi u/Danny1878, thanks for tipping u/1642310 **34** satoshis!\n***\n*[^(More info)](https://www.reddit.com/r/lntipbot/wiki/index) ^| [^(Balance)](https://www.reddit.com/message/compose/?to=lntipbot&subject=balance&message=!balance) ^| [^(Deposit)](https://www.reddit.com/message/compose/?to=lntipbot&subject=deposit&message=!deposit 10000) ^| [^(Withdraw)](https://www.reddit.com/message/compose/?to=lntipbot&subject=withdraw&message=!withdraw put_invoice_here) ^| ^(Something wrong?  Have a question?) [^(Send me a message)](https://www.reddit.com/message/compose/?to=drmoore718)*",
            "Edited?": false,
            "Is Submitter?": false,
            "Stickied?": false
        }
    ],
    "efl439y": [
        {
            "Parent ID": "t1_efl3b62",
            "Comment ID": "efl439y",
            "Author": "tomius",
            "Date Created": "02-02-2019 06:40:21",
            "Upvotes": 5,
            "Text": "Yep, thanks for clarifying. I was in a bit of a hurry.\n\nIt's still very early, and it's custodial, yes, but it's the easiest way to use LN right now.\n\nIt's far from ideal, but I don't mind having 10 bucks in Lightning to mess around and then have some more money on the (non-custodial) in-chain wallet",
            "Edited?": false,
            "Is Submitter?": false,
            "Stickied?": false
        }
    ],
    "efmdfzi": [
        {
            "Parent ID": "t1_efl3b62",
            "Comment ID": "efmdfzi",
            "Author": "MrRGnome",
            "Date Created": "02-02-2019 17:59:38",
            "Upvotes": 1,
            "Text": "Not *purely* custodial. I really appreciate how bluewallet very clearly presents the user with the option to run their own backend service on top of their own lnd node. I want to see more custodial wallets putting those options and instructions front and center.",
            "Edited?": false,
            "Is Submitter?": false,
            "Stickied?": false
        }
    ],
    "efl0j0n": [
        {
            "Parent ID": "t1_efkzfbg",
            "Comment ID": "efl0j0n",
            "Author": "TheGreatMuffin",
            "Date Created": "02-02-2019 05:01:29",
            "Upvotes": 1,
            "Text": "Try Eclair wallet, if you're on Android",
            "Edited?": false,
            "Is Submitter?": false,
            "Stickied?": false
        }
    ],
    "eflc0iy": [
        {
            "Parent ID": "t1_efl5f92",
            "Comment ID": "eflc0iy",
            "Author": "TheGreatMuffin",
            "Date Created": "02-02-2019 09:25:10",
            "Upvotes": 2,
            "Text": "Yes. In short, it's because Lightning consists of \"real\" bitcoins, and to make sure they're \"real\", you need to validate their authenticity for yourself (and you only can trust your own node for that), before you start opening and accepting channels.  \n\nYou can use Lightning without a node though (or more precise: by using nodes of your wallet), but in order to run a Lightning node yourself, you need a bitcoin node, too (as of now, at least).",
            "Edited?": false,
            "Is Submitter?": false,
            "Stickied?": false
        }
    ],
    "efm5h36": [
        {
            "Parent ID": "t1_efm3tpv",
            "Comment ID": "efm5h36",
            "Author": "againstmethod",
            "Date Created": "02-02-2019 16:09:27",
            "Upvotes": 1,
            "Text": "Even interest on a normal savings account is subject to normal income taxation.  \n\nI don't think he has any idea in his head other than to complain. ",
            "Edited?": false,
            "Is Submitter?": false,
            "Stickied?": false
        }
    ],
    "efkvhes": [
        {
            "Parent ID": "t1_efkvc1y",
            "Comment ID": "efkvhes",
            "Author": "A6Racer",
            "Date Created": "02-02-2019 02:33:32",
            "Upvotes": 5,
            "Text": "come closer one more day and........",
            "Edited?": false,
            "Is Submitter?": false,
            "Stickied?": false
        }
    ],
    "efmuw1k": [
        {
            "Parent ID": "t1_efm7xsr",
            "Comment ID": "efmuw1k",
            "Author": "diydude2",
            "Date Created": "02-02-2019 22:10:04",
            "Upvotes": 2,
            "Text": "The guy who first captured fire and got your lazy asses out of the cave was considered crazy.\n\nThe banks are insolvent. They will collapse. It's a mathematical certainty. 2019 will be 2008*11.",
            "Edited?": false,
            "Is Submitter?": false,
            "Stickied?": false
        }
    ],
    "efm2fbr": [
        {
            "Parent ID": "t1_efloaeo",
            "Comment ID": "efm2fbr",
            "Author": "cryptogrip",
            "Date Created": "02-02-2019 15:27:44",
            "Upvotes": 6,
            "Text": "No, that is incorrect. How on earth do you propose the powers that be would successfully kill bitcoin? Not to mention these powers you refer to would have to come together and agree on a global level to push such an outrageous initiative. If anything, the powers that be will find a way to profit from bitcoin. There's no stopping bitcoin and crypto now, the integration with society has already begun. Perhaps 5 or 6 years ago they may have had a chance, but now there's no stopping this thing.",
            "Edited?": false,
            "Is Submitter?": false,
            "Stickied?": false
        }
    ],
    "efmhakd": [
        {
            "Parent ID": "t1_efloaeo",
            "Comment ID": "efmhakd",
            "Author": "AdamJensensCoat",
            "Date Created": "02-02-2019 18:54:05",
            "Upvotes": 1,
            "Text": "I've been on this earth long enough to remember all of the John Birch Society-types in the 80s who swore on their guns n bibles that the modern banking system was set to collapse any month now and the only true money was Gold and Sliver.\n\nThe global banking system has never been stronger. Don't hold your breath kiddos.",
            "Edited?": false,
            "Is Submitter?": false,
            "Stickied?": false
        }
    ],
    "efmwfra": [
        {
            "Parent ID": "t1_efloaeo",
            "Comment ID": "efmwfra",
            "Author": "diydude2",
            "Date Created": "02-02-2019 22:33:14",
            "Upvotes": 2,
            "Text": "Bitcoin will destroy you and your masters, fool.",
            "Edited?": false,
            "Is Submitter?": false,
            "Stickied?": false
        }
    ],
    "eflqb4m": [
        {
            "Parent ID": "t1_efloaeo",
            "Comment ID": "eflqb4m",
            "Author": "Quantumbtc",
            "Date Created": "02-02-2019 12:48:08",
            "Upvotes": -4,
            "Text": "You don't have a clue of what you are talking about. Please inform yourself .\n\n[https://www.youtube.com/watch?v=DeXe5eGRl7E](https://www.youtube.com/watch?v=DeXe5eGRl7E)\n\n&#x200B;\n\n[https://www.youtube.com/watch?v=QzhaTIR2mWY](https://www.youtube.com/watch?v=QzhaTIR2mWY)\n\n&#x200B;\n\n[https://medium.com/ensourceable/the-battle-for-bitcoin-can-government-shut-down-cryptocurrency-d1b233471c32](https://medium.com/ensourceable/the-battle-for-bitcoin-can-government-shut-down-cryptocurrency-d1b233471c32)\n\n&#x200B;\n\n[https://www.digitaltrends.com/computing/dont-worry-about-bitcoin-regulation-it-cant-be-stopped/](https://www.digitaltrends.com/computing/dont-worry-about-bitcoin-regulation-it-cant-be-stopped/)\n\n&#x200B;\n\n[https://blockonomi.com/ban-bitcoin/](https://blockonomi.com/ban-bitcoin/)\n\n&#x200B;\n\n&#x200B;\n\nBut find out more by yourself for every case scenario you have mentioned  there are solutions.\n\nEducate yourself .",
            "Edited?": "02-02-2019 13:00:12",
            "Is Submitter?": false,
            "Stickied?": false
        }
    ],
    "efmsoi8": [
        {
            "Parent ID": "t1_efloaeo",
            "Comment ID": "efmsoi8",
            "Author": "Eertgggddsdfg",
            "Date Created": "02-02-2019 21:37:25",
            "Upvotes": -1,
            "Text": "Even if the banks collapse (which wouldn't happen, the system is strong and works well in the western world), these people can't understand that you can't use a coin with fixed supply as a payment method. The people that talk about the collapse of banks are highly deranged basement dwellers living outside of reality. Cryptogrip is one of them. One of the most deluded posters on this board - his predictions are always wrong as well. ",
            "Edited?": false,
            "Is Submitter?": false,
            "Stickied?": false
        }
    ],
    "efm0e2b": [
        {
            "Parent ID": "t1_eflqnbn",
            "Comment ID": "efm0e2b",
            "Author": "area51perp",
            "Date Created": "02-02-2019 15:00:32",
            "Upvotes": 1,
            "Text": "Banks collapse. Companies, institutions, and individuals go bankrupt. Governments fall. When will this events happen on each of the different timelines of every different thing?\n\nFait becoming worthless because of it going into the Bitcoin economy happens over time on a non linear manner. ",
            "Edited?": false,
            "Is Submitter?": false,
            "Stickied?": false
        }
    ],
    "efmuymk": [
        {
            "Parent ID": "t1_eflqnbn",
            "Comment ID": "efmuymk",
            "Author": "diydude2",
            "Date Created": "02-02-2019 22:11:09",
            "Upvotes": 1,
            "Text": "They won't be able to buy it. They'll have to work for it, dumbshit.",
            "Edited?": false,
            "Is Submitter?": false,
            "Stickied?": false
        }
    ],
    "efl4eac": [
        {
            "Parent ID": "t1_efl439y",
            "Comment ID": "efl4eac",
            "Author": "dgtlM",
            "Date Created": "02-02-2019 06:48:34",
            "Upvotes": 3,
            "Text": "Give this one a try: https://play.google.com/store/apps/details?id=com.lightning.walletapp\n\nYou can get the keys and pretty easy to use on and off chain.. ",
            "Edited?": false,
            "Is Submitter?": false,
            "Stickied?": false
        }
    ],
    "eflc5fu": [
        {
            "Parent ID": "t1_eflc0iy",
            "Comment ID": "eflc5fu",
            "Author": "[deleted]",
            "Date Created": "02-02-2019 09:27:28",
            "Upvotes": 1,
            "Text": "[deleted]",
            "Edited?": "02-07-2019 15:13:50",
            "Is Submitter?": false,
            "Stickied?": false
        }
    ],
    "efml9hw": [
        {
            "Parent ID": "t1_efm5h36",
            "Comment ID": "efml9hw",
            "Author": "[deleted]",
            "Date Created": "02-02-2019 19:50:53",
            "Upvotes": 2,
            "Text": "Complain about taxing a new technology. They adopted \u201cdo no harm\u201d as with the internet which enjoyed tax-free status to start. Germany has adopted the same approach. \n\nIn Germany, Bitcoin and other cryptos are not considered as a commodity, a stock, or any kind of currency. Instead, these things are considered as private money in a way that\u2019s similar to foreign currency.\n\nTrading bitcoins/altcoins are considered as a private sale under the rule 23 EStG which has tax-free benefits.\n\nListen, if you enjoy the confusion of your country\u2019s outdated tax code, that\u2019s your prerogative. I\u2019m not saying anything negative about your country other than it\u2019s tax code. It has no effect on our team. Enjoy your taxes. ",
            "Edited?": false,
            "Is Submitter?": false,
            "Stickied?": false
        }
    ],
    "efkwba7": [
        {
            "Parent ID": "t1_efkvhes",
            "Comment ID": "efkwba7",
            "Author": "AdamJensensCoat",
            "Date Created": "02-02-2019 02:55:39",
            "Upvotes": 4,
            "Text": "carry these bags down to the.....",
            "Edited?": false,
            "Is Submitter?": false,
            "Stickied?": false
        }
    ],
    "efnt2sh": [
        {
            "Parent ID": "t1_efmuw1k",
            "Comment ID": "efnt2sh",
            "Author": "BitcoinAlways",
            "Date Created": "02-03-2019 10:29:59",
            "Upvotes": 1,
            "Text": "So you really think it will happen in the next 11 months!? ",
            "Edited?": false,
            "Is Submitter?": false,
            "Stickied?": false
        }
    ],
    "efmhgwa": [
        {
            "Parent ID": "t1_efm2fbr",
            "Comment ID": "efmhgwa",
            "Author": "AdamJensensCoat",
            "Date Created": "02-02-2019 18:56:40",
            "Upvotes": 3,
            "Text": "It's pretty easy. Simply ban the fiat on-and-off ramps. This wouldn't require multilateral coordination, it would just take a few major markets like US, China and Korea saying 'Crypto exchanges are hereby illegal.'\n\nAnd sure, exchanges could persevere under the radar. But it wouldn't matter much, because it would push BTC to the fringes and make the market very illiquid.",
            "Edited?": false,
            "Is Submitter?": false,
            "Stickied?": false
        }
    ],
    "efmw9o9": [
        {
            "Parent ID": "t1_efmhakd",
            "Comment ID": "efmw9o9",
            "Author": "diydude2",
            "Date Created": "02-02-2019 22:30:41",
            "Upvotes": -1,
            "Text": "Sure, buddy.  2008 didn't happen, and neither will 2019.\n\nIt must suck to go through life being stupid and subservient to idiots.",
            "Edited?": false,
            "Is Submitter?": false,
            "Stickied?": false
        }
    ],
    "eflr3bf": [
        {
            "Parent ID": "t1_eflqb4m",
            "Comment ID": "eflr3bf",
            "Author": "avoiddance",
            "Date Created": "02-02-2019 12:58:14",
            "Upvotes": 7,
            "Text": "You are posting youtube links, and talking about education. Are you serious? Do you get your education off youtube? No wonder you dont know what the real world is like. Everything I said is true, explain how govs cant block bitcoin protocol using packet inspection, explain how shutting off mining cartels wont cripple it.\n\nJesus, do you even know how bitcoin works? If you do its easy to see how a state actor could prevent its citizens from using it...",
            "Edited?": "02-02-2019 13:01:28",
            "Is Submitter?": false,
            "Stickied?": false
        }
    ],
    "efmwdbs": [
        {
            "Parent ID": "t1_eflqb4m",
            "Comment ID": "efmwdbs",
            "Author": "diydude2",
            "Date Created": "02-02-2019 22:32:13",
            "Upvotes": 1,
            "Text": "Yeah... education from PooTube.  Uh huh.  Tell meme more, Einstein.",
            "Edited?": false,
            "Is Submitter?": false,
            "Stickied?": false
        }
    ],
    "efmqtf4": [
        {
            "Parent ID": "t1_efm0e2b",
            "Comment ID": "efmqtf4",
            "Author": "Eertgggddsdfg",
            "Date Created": "02-02-2019 21:10:36",
            "Upvotes": 1,
            "Text": "I think you are very stupid and don't understand basic economische. Btc cannot serve as a payment method due to fixed supply. Has been stated over and over, even on this board. Only a stablecoin can serve as a payment method. Btc is at most a store of value, no more than that, if it survives ",
            "Edited?": false,
            "Is Submitter?": false,
            "Stickied?": false
        }
    ],
    "efmxya6": [
        {
            "Parent ID": "t1_efm0e2b",
            "Comment ID": "efmxya6",
            "Author": "diydude2",
            "Date Created": "02-02-2019 22:56:26",
            "Upvotes": 1,
            "Text": "Pretty sure you're a bot. \n\nBanks collapse. Yes.  Companies, many of them, go to zero.  Individuals who hodl Bitcoin dust become rich overnight.  Governments kowtow to the new regime, the ones who hold the purse strings (this is the great unknown -- are those people good or evil, the ones who hodl vast quantities of the *preciousssss*?).  These events will happen within the next 18 months.  Within the next 6 months, it will be clear that there's a new sheriff in town, and he don't take kindly to con artists and their fake money.",
            "Edited?": false,
            "Is Submitter?": false,
            "Stickied?": false
        }
    ],
    "efl6vsl": [
        {
            "Parent ID": "t1_efl4eac",
            "Comment ID": "efl6vsl",
            "Author": "tomius",
            "Date Created": "02-02-2019 07:49:15",
            "Upvotes": 1,
            "Text": "Thanks for the recommendation! I love trying new wallets.\n\nI didn't like it much, though. The UI is a bit chunky and bloated, and there's [this weird thing](https://i.imgur.com/wPSOoQy.png) that I didn't really like, although I don't really understand what's going on.\n\nI think BlueWallet is still in early stages, but I think it's being developed in a nice direction.\n\nI do believe UI/UX is one of the biggest challenges in Bitcoin.",
            "Edited?": false,
            "Is Submitter?": false,
            "Stickied?": false
        }
    ],
    "eflje7k": [
        {
            "Parent ID": "t1_eflc5fu",
            "Comment ID": "eflje7k",
            "Author": "diydude2",
            "Date Created": "02-02-2019 11:17:27",
            "Upvotes": 2,
            "Text": "You can use a VPS and do it for about $8-10/mo. When LN becomes more widely used, a few channels should easily cover it.",
            "Edited?": false,
            "Is Submitter?": false,
            "Stickied?": false
        }
    ],
    "eflc7y7": [
        {
            "Parent ID": "t1_eflc5fu",
            "Comment ID": "eflc7y7",
            "Author": "TheGreatMuffin",
            "Date Created": "02-02-2019 09:28:39",
            "Upvotes": 1,
            "Text": "what kind of connection do you have? ",
            "Edited?": false,
            "Is Submitter?": false,
            "Stickied?": false
        }
    ],
    "efmnxok": [
        {
            "Parent ID": "t1_efml9hw",
            "Comment ID": "efmnxok",
            "Author": "againstmethod",
            "Date Created": "02-02-2019 20:29:11",
            "Upvotes": 2,
            "Text": "I would pay far more personal income tax there than here.  And with your solidarity surcharge you cap gains are taxed at a higher rate as well. \n\nSo yeah. I'm good with my shitty tax code over yours. \n\nEither way if you're day trading Bitcoin you should pay your taxes. You don't need to convert Bitcoin to fiat to use it as a currency.  Enough excuses. ",
            "Edited?": false,
            "Is Submitter?": false,
            "Stickied?": false
        }
    ],
    "efmlx0f": [
        {
            "Parent ID": "t1_efml9hw",
            "Comment ID": "efmlx0f",
            "Author": "[deleted]",
            "Date Created": "02-02-2019 20:00:10",
            "Upvotes": 1,
            "Text": "In Puerto Rico, if an individual qualifies for Act 22, he/she will pay 0% tax on virtual asset trading proceeds. However, residents of the country are free from paying any taxes on their virtual assets. \n\nPuerto Rico is an unincorporated territory of the United States and they enjoy all the benefits the US offers including hurricane relief and they can create their tax code. That\u2019s a good deal. ",
            "Edited?": false,
            "Is Submitter?": false,
            "Stickied?": false
        }
    ],
    "efl3cvq": [
        {
            "Parent ID": "t1_efkwba7",
            "Comment ID": "efl3cvq",
            "Author": "BashCo",
            "Date Created": "02-02-2019 06:21:30",
            "Upvotes": 3,
            "Text": "pawn shop so I can by me some ...",
            "Edited?": false,
            "Is Submitter?": false,
            "Stickied?": false
        }
    ],
    "efni5ud": [
        {
            "Parent ID": "t1_efmhgwa",
            "Comment ID": "efni5ud",
            "Author": "frankenmint",
            "Date Created": "02-03-2019 06:40:37",
            "Upvotes": 1,
            "Text": "LOL....\n\nIt's pretty easy... just ban ALL drugs and make them illegal.  That will end the opioid epidemic.\n\n>But it wouldn't matter much, because it would push BTC to the fringes and make the market very illiquid.\n\nBitcoin is always going to serve a utility of some sort as a superior substitute to cash for cross-border payments... that alone ensures it lasts... the fact that its supply cannot be manipulated will cause non-illicit holders (aka the bulk of us /r/bitcoin hodlrz) to remain committed to holding onto it..thus serving some level of liquidity into the market... not quite the same as a credit card...though expect some form of pushback against those debt vehicles eventually... (the `or-not` scenario that things could get better is not likely) ",
            "Edited?": false,
            "Is Submitter?": false,
            "Stickied?": false
        }
    ],
    "efmiaf1": [
        {
            "Parent ID": "t1_efmhgwa",
            "Comment ID": "efmiaf1",
            "Author": "cryptogrip",
            "Date Created": "02-02-2019 19:08:29",
            "Upvotes": 1,
            "Text": "The chances of this happening are less than a world war, do I'd say bitcoin is fairly safe lol.",
            "Edited?": false,
            "Is Submitter?": false,
            "Stickied?": false
        }
    ],
    "efmhl6t": [
        {
            "Parent ID": "t1_eflr3bf",
            "Comment ID": "efmhl6t",
            "Author": "AdamJensensCoat",
            "Date Created": "02-02-2019 18:58:25",
            "Upvotes": 2,
            "Text": "He went to YouTube University. You're out of your element Donny!",
            "Edited?": false,
            "Is Submitter?": false,
            "Stickied?": false
        }
    ],
    "efmd4sn": [
        {
            "Parent ID": "t1_eflr3bf",
            "Comment ID": "efmd4sn",
            "Author": "kerls",
            "Date Created": "02-02-2019 17:55:18",
            "Upvotes": 3,
            "Text": "You are talking absolute nonsense. Why are you here? Saving people from Bitcoin? Venting your demising opinion, TPTB?, Ironic about youtube videos > really ? Asking   - do you even know how bitcoin works? Lol Do you?\n\nIt may interest you that some of us have master degrees and direct hand on experience in cryptography and computer science. Just go and play with your MasterCard . I have not posted here for quite sometime, a year, sometimes reading the forum as a pastime, but your arrogant know it all lines needed a response.  Not worthy of any further comment.",
            "Edited?": false,
            "Is Submitter?": false,
            "Stickied?": false
        }
    ],
    "eflsglo": [
        {
            "Parent ID": "t1_eflr3bf",
            "Comment ID": "eflsglo",
            "Author": "[deleted]",
            "Date Created": "02-02-2019 13:15:59",
            "Upvotes": 2,
            "Text": "[deleted]",
            "Edited?": false,
            "Is Submitter?": false,
            "Stickied?": false
        }
    ],
    "eflt0df": [
        {
            "Parent ID": "t1_eflr3bf",
            "Comment ID": "eflt0df",
            "Author": "Quantumbtc",
            "Date Created": "02-02-2019 13:23:01",
            "Upvotes": -1,
            "Text": "Don't have the time or will to do one on one explanation, so there were some basic links. \n\nFurther, I am well educated in this space, I don't need to boast about it, so i won't list any qualification. \n\n&#x200B;\n\n **The highest form of ignorance is when you reject something you don't know anything about** .\n\nAnyhow, have a nice day with  DPI . You don't have a clue.",
            "Edited?": false,
            "Is Submitter?": false,
            "Stickied?": false
        }
    ],
    "efm2prb": [
        {
            "Parent ID": "t1_eflr3bf",
            "Comment ID": "efm2prb",
            "Author": "cryptogrip",
            "Date Created": "02-02-2019 15:31:37",
            "Upvotes": -1,
            "Text": "This is not 2005 anymore. Self education from resources like youtube have proven far more valuable and versatile than traditional post secondary education. Mining organizations can operate anywhere in the world. A single government shutting them down has little to no impact when another government welcomes them with open arms.",
            "Edited?": false,
            "Is Submitter?": false,
            "Stickied?": false
        }
    ],
    "efmv13x": [
        {
            "Parent ID": "t1_efmqtf4",
            "Comment ID": "efmv13x",
            "Author": "diydude2",
            "Date Created": "02-02-2019 22:12:12",
            "Upvotes": 1,
            "Text": "I think you are retarded and will be languishing in poverty and regret within six months.\n\nI pity you, slave.",
            "Edited?": "02-02-2019 22:29:03",
            "Is Submitter?": false,
            "Stickied?": false
        }
    ],
    "efo87ql": [
        {
            "Parent ID": "t1_efmxya6",
            "Comment ID": "efo87ql",
            "Author": "area51perp",
            "Date Created": "02-03-2019 13:47:42",
            "Upvotes": 1,
            "Text": "I'm a trained and programmed biological machine that can perform functions that produce a similar outcome of a bot. Clearly you are trying to perform the function of foreseeing.\n\nAren't the address's with the most BTC on the ledger? Do you believe North Korea will be in the 1 / 10,000 club? Large dumps from unknown whales waiting for a power change going from having their wealth locked up while increasing in value ten folds. While causing everyone else's wealth to decrease in value.\n\nNew sheriff in the next 6 months?",
            "Edited?": false,
            "Is Submitter?": false,
            "Stickied?": false
        }
    ],
    "efl76oy": [
        {
            "Parent ID": "t1_efl6vsl",
            "Comment ID": "efl76oy",
            "Author": "dgtlM",
            "Date Created": "02-02-2019 07:55:43",
            "Upvotes": 1,
            "Text": "Yeah UI is definetly better on some other wallets and I don't quite understand the storage tokens perfectly either... Maybe someone could explain this to us :) \n\nI haven't found another one yet that makes on/offchain so easy *and* give you the keys (which is important I believe in educating newcomers, from the start).\n\n!lntip 69",
            "Edited?": false,
            "Is Submitter?": false,
            "Stickied?": false
        }
    ],
    "efmpwfm": [
        {
            "Parent ID": "t1_efmnxok",
            "Comment ID": "efmpwfm",
            "Author": "CryptoOldFart",
            "Date Created": "02-02-2019 20:57:23",
            "Upvotes": 2,
            "Text": "For crying out loud! In all my nearly 70 years I\u2019ve never seen anyone pick a fight over defending our asinine tax system! Defending the indefensible! I\u2019m fully compliant with the damn thing, but I sure as hell won\u2019t defend it. Crypto is property? Sure! And I\u2019ve got a 1040 tattooed on my ass!",
            "Edited?": false,
            "Is Submitter?": false,
            "Stickied?": false
        }
    ],
    "efljhyx": [
        {
            "Parent ID": "t1_efl3cvq",
            "Comment ID": "efljhyx",
            "Author": "diydude2",
            "Date Created": "02-02-2019 11:18:54",
            "Upvotes": 4,
            "Text": "... more Bitcoin.",
            "Edited?": false,
            "Is Submitter?": false,
            "Stickied?": false
        }
    ],
    "efldu6n": [
        {
            "Parent ID": "t1_efl3cvq",
            "Comment ID": "efldu6n",
            "Author": "A6Racer",
            "Date Created": "02-02-2019 09:55:55",
            "Upvotes": 2,
            "Text": "Fiat. ",
            "Edited?": false,
            "Is Submitter?": false,
            "Stickied?": false
        }
    ],
    "efpiib4": [
        {
            "Parent ID": "t1_efni5ud",
            "Comment ID": "efpiib4",
            "Author": "AdamJensensCoat",
            "Date Created": "02-04-2019 00:34:45",
            "Upvotes": 1,
            "Text": "It works for cross-boarder remittance when there are convenient off ramps into fiat. The exchanges are the lifeblood of bitcoins market price.\n\nBitcoin will survive no matter what, but if you remove the exchanges and the public's ability to convert their Fiat into Bitcoin it's value will be marginalized to niche use cases.\n\nBTW Hodling Bitcoin doesn't add liquidity. The trade value of BTC does. If you remove the exchanges the trade volume vanishes and price discovery becomes the wild west.",
            "Edited?": false,
            "Is Submitter?": false,
            "Stickied?": false
        }
    ],
    "efmjqh8": [
        {
            "Parent ID": "t1_efmiaf1",
            "Comment ID": "efmjqh8",
            "Author": "AdamJensensCoat",
            "Date Created": "02-02-2019 19:29:14",
            "Upvotes": 2,
            "Text": "Where BTC finds itself today? I'd say yes.",
            "Edited?": false,
            "Is Submitter?": false,
            "Stickied?": false
        }
    ],
    "eflvrz9": [
        {
            "Parent ID": "t1_eflsglo",
            "Comment ID": "eflvrz9",
            "Author": "avoiddance",
            "Date Created": "02-02-2019 13:58:50",
            "Upvotes": 1,
            "Text": "Govs can stop torrents. Its not possible to torrent at my work due to blocking at the protocol level. Govs can do it too but free countries dont atm. Bitcoin is similar. If the tide turns they will.",
            "Edited?": false,
            "Is Submitter?": false,
            "Stickied?": false
        }
    ],
    "efn5hyt": [
        {
            "Parent ID": "t1_eflt0df",
            "Comment ID": "efn5hyt",
            "Author": "avoiddance",
            "Date Created": "02-03-2019 01:06:35",
            "Upvotes": 1,
            "Text": "Mr. Youtube University. OK buddy, keep thinking you're highly educated. LOL. You do realize, everyone is laughing at you, right?",
            "Edited?": false,
            "Is Submitter?": false,
            "Stickied?": false
        }
    ],
    "efm99ad": [
        {
            "Parent ID": "t1_efm2prb",
            "Comment ID": "efm99ad",
            "Author": "Poop_Shame",
            "Date Created": "02-02-2019 17:01:28",
            "Upvotes": 2,
            "Text": ">Self education from resources like youtube have proven far more valuable and versatile than traditional post secondary education.\n\nI need to go update my CV then. ",
            "Edited?": false,
            "Is Submitter?": false,
            "Stickied?": false
        }
    ],
    "efl7782": [
        {
            "Parent ID": "t1_efl76oy",
            "Comment ID": "efl7782",
            "Author": "lntipbot",
            "Date Created": "02-02-2019 07:56:03",
            "Upvotes": 1,
            "Text": "Hi u/dgtlM, thanks for tipping u/tomius **69** satoshis!\n***\n*[^(More info)](https://www.reddit.com/r/lntipbot/wiki/index) ^| [^(Balance)](https://www.reddit.com/message/compose/?to=lntipbot&subject=balance&message=!balance) ^| [^(Deposit)](https://www.reddit.com/message/compose/?to=lntipbot&subject=deposit&message=!deposit 10000) ^| [^(Withdraw)](https://www.reddit.com/message/compose/?to=lntipbot&subject=withdraw&message=!withdraw put_invoice_here) ^| ^(Something wrong?  Have a question?) [^(Send me a message)](https://www.reddit.com/message/compose/?to=drmoore718)*",
            "Edited?": false,
            "Is Submitter?": false,
            "Stickied?": false
        }
    ],
    "efmrjvs": [
        {
            "Parent ID": "t1_efmpwfm",
            "Comment ID": "efmrjvs",
            "Author": "[deleted]",
            "Date Created": "02-02-2019 21:21:12",
            "Upvotes": 1,
            "Text": "I never understood how the IRS got away with classifying numbers as property and subject to property taxes. ",
            "Edited?": false,
            "Is Submitter?": false,
            "Stickied?": false
        }
    ],
    "efmsh9u": [
        {
            "Parent ID": "t1_efmpwfm",
            "Comment ID": "efmsh9u",
            "Author": "againstmethod",
            "Date Created": "02-02-2019 21:34:27",
            "Upvotes": 1,
            "Text": "My effective tax rate will be 18% this year. It was 20% last year.  In Germany it would be about 36%.\n\nSad, in 70 years you haven't learned to look into a thing before spouting off about it.\n\n",
            "Edited?": false,
            "Is Submitter?": false,
            "Stickied?": false
        }
    ],
    "eflzlik": [
        {
            "Parent ID": "t1_eflvrz9",
            "Comment ID": "eflzlik",
            "Author": "cryptogrip",
            "Date Created": "02-02-2019 14:49:46",
            "Upvotes": 3,
            "Text": "You compare torrents to bitcoin why? Because of the peer to peer concept? You can send a bitcoin transaction using emojis if you had to. No banks are not going to collapse, and no bitcoin can not be easily shut down either.",
            "Edited?": false,
            "Is Submitter?": false,
            "Stickied?": false
        }
    ],
    "eflwhih": [
        {
            "Parent ID": "t1_eflvrz9",
            "Comment ID": "eflwhih",
            "Author": "[deleted]",
            "Date Created": "02-02-2019 14:08:17",
            "Upvotes": 2,
            "Text": "[deleted]",
            "Edited?": false,
            "Is Submitter?": false,
            "Stickied?": false
        }
    ],
    "efmwva3": [
        {
            "Parent ID": "t1_eflvrz9",
            "Comment ID": "efmwva3",
            "Author": "diydude2",
            "Date Created": "02-02-2019 22:39:41",
            "Upvotes": 1,
            "Text": "Governments can't even stop torrents, fool.  How the fuck do you think they're going to stop the most powerful cryptographic network on the planet?\n\nEver heard of a VPN?  How about a VM with a VPN inside of it and a text twister to foil AIs that mine linguistic patterns?  I suspect you have not if you think \"governments can stop torrents.\"\n\nFuck, stupid people deserve to be poor. I see it so clearly now...",
            "Edited?": false,
            "Is Submitter?": false,
            "Stickied?": false
        }
    ],
    "efmasyv": [
        {
            "Parent ID": "t1_efm99ad",
            "Comment ID": "efmasyv",
            "Author": "cryptogrip",
            "Date Created": "02-02-2019 17:22:55",
            "Upvotes": 4,
            "Text": "Lol, me too if I were job hunting. No those resources won't land you a job interview if you have them on a resume, of course. Candicate selection requires the education filter to narrow the pool. I mean in terms of real world, practical knowledge. I've provided plenty of challenges to students and staff that were resolved from utilizing online resources. In today's fast paced world, being resourceful solves far more problems than completing a degree.",
            "Edited?": false,
            "Is Submitter?": false,
            "Stickied?": false
        }
    ],
    "efmwm7r": [
        {
            "Parent ID": "t1_efm99ad",
            "Comment ID": "efmwm7r",
            "Author": "diydude2",
            "Date Created": "02-02-2019 22:35:53",
            "Upvotes": 1,
            "Text": "You should keep that CV up to date. It might earn you a few satoshis someday.",
            "Edited?": false,
            "Is Submitter?": false,
            "Stickied?": false
        }
    ],
    "efmtrv4": [
        {
            "Parent ID": "t1_efmsh9u",
            "Comment ID": "efmtrv4",
            "Author": "CryptoOldFart",
            "Date Created": "02-02-2019 21:53:32",
            "Upvotes": 1,
            "Text": "You look at your individual tax rate. I\u2019m looking at the entire futile system. Probably a generational thing.",
            "Edited?": false,
            "Is Submitter?": false,
            "Stickied?": false
        }
    ],
    "efmwyl9": [
        {
            "Parent ID": "t1_eflzlik",
            "Comment ID": "efmwyl9",
            "Author": "diydude2",
            "Date Created": "02-02-2019 22:41:08",
            "Upvotes": 1,
            "Text": "Banks are going to collapse within six months, dude.  Most people will lose everything they have. It's going to be very ugly.\n\nGood news: .1 BTC held in a wallet you control (ie, you own your keys) will insulate you from this.",
            "Edited?": false,
            "Is Submitter?": false,
            "Stickied?": false
        }
    ],
    "efm20dr": [
        {
            "Parent ID": "t1_eflwhih",
            "Comment ID": "efm20dr",
            "Author": "cryptogrip",
            "Date Created": "02-02-2019 15:22:10",
            "Upvotes": 2,
            "Text": "I don't think he understands the concept of blocking torrents, or of bitcoin and bitcoin mining distribution, etc. He may be referring to his workplace blocking torrent traffic, if it were achieved through deep packet inspection of the actual protocol, but even then this is not likely in today's world. Torrents are used for too many software updates and are no longer throttled by ISPs or partially blocked by firewalls like they were 10 years ago. It was never really fully successful anyway. ",
            "Edited?": false,
            "Is Submitter?": false,
            "Stickied?": false
        }
    ],
    "efmdqhk": [
        {
            "Parent ID": "t1_efmasyv",
            "Comment ID": "efmdqhk",
            "Author": "Poop_Shame",
            "Date Created": "02-02-2019 18:03:38",
            "Upvotes": 1,
            "Text": "Should I include links to the YouTube videos that I watched for my education?",
            "Edited?": false,
            "Is Submitter?": false,
            "Stickied?": false
        }
    ],
    "efmv5va": [
        {
            "Parent ID": "t1_efmtrv4",
            "Comment ID": "efmv5va",
            "Author": "againstmethod",
            "Date Created": "02-02-2019 22:14:09",
            "Upvotes": 1,
            "Text": "Or you could just be mistaken.\n",
            "Edited?": false,
            "Is Submitter?": false,
            "Stickied?": false
        }
    ],
    "efmil36": [
        {
            "Parent ID": "t1_efmdqhk",
            "Comment ID": "efmil36",
            "Author": "cryptogrip",
            "Date Created": "02-02-2019 19:12:46",
            "Upvotes": 2,
            "Text": "No just stop making stupid comments and show resourceful and innovative thinking to solve issues. I'd pass you for that in the practical and perhaps even give you a recommendation :).",
            "Edited?": false,
            "Is Submitter?": false,
            "Stickied?": false
        }
    ],
    "efmwiyr": [
        {
            "Parent ID": "t1_efmv5va",
            "Comment ID": "efmwiyr",
            "Author": "CryptoOldFart",
            "Date Created": "02-02-2019 22:34:34",
            "Upvotes": 1,
            "Text": "Yeah, I guess you\u2019re right. Those 2650 or so well-thought-out and extremely logical pages of the tax code that stay so stable from year to year, never being subject to the whims of any vote-seeking politicians, clearly are the epitome of US superiority at its best. I don\u2019t know what I was thinking, and I owe you big-time for making it all so clear to me now. By the way, I didn\u2019t realize that you were into crypto, but it\u2019s been enlightening hearing your thoughts. This is John Koskinen, right? Congratulations on evading prison along with Lois.",
            "Edited?": false,
            "Is Submitter?": false,
            "Stickied?": false
        }
    ],
    "efnmezh": [
        {
            "Parent ID": "t1_efmwiyr",
            "Comment ID": "efnmezh",
            "Author": "againstmethod",
            "Date Created": "02-03-2019 08:30:14",
            "Upvotes": 1,
            "Text": "If it were 100 pages you still wouldn't have read them. ",
            "Edited?": false,
            "Is Submitter?": false,
            "Stickied?": false
        }
    ]
}