{
    "ef5m6eu": [
        {
            "Parent ID": "t3_ak9ve0",
            "Comment ID": "ef5m6eu",
            "Author": "ZachCope",
            "Date Created": "01-28-2019 01:11:15",
            "Upvotes": 8,
            "Text": "Feels like final bear boss battle is approaching.",
            "Edited?": false,
            "Is Submitter?": false,
            "Stickied?": false
        }
    ],
    "ef3d420": [
        {
            "Parent ID": "t3_ak9ve0",
            "Comment ID": "ef3d420",
            "Author": "cir2kuk",
            "Date Created": "01-27-2019 07:00:24",
            "Upvotes": 11,
            "Text": "Am I the only one buying?",
            "Edited?": false,
            "Is Submitter?": false,
            "Stickied?": false
        }
    ],
    "ef2x1yc": [
        {
            "Parent ID": "t3_ak9ve0",
            "Comment ID": "ef2x1yc",
            "Author": "nowTHATScomedy",
            "Date Created": "01-27-2019 02:19:08",
            "Upvotes": 5,
            "Text": "Analysts on CNBC in 2017 said bitcoin wasn\u2019t affecting gold prices, and now they\u2019re saying \u201cok maybe they were but!! - Now they are rushing out of bitcoin and back to gold!\u201d",
            "Edited?": false,
            "Is Submitter?": false,
            "Stickied?": false
        }
    ],
    "ef5h6ps": [
        {
            "Parent ID": "t3_ak9ve0",
            "Comment ID": "ef5h6ps",
            "Author": "Renault_racer",
            "Date Created": "01-27-2019 23:49:00",
            "Upvotes": 4,
            "Text": "I run bitcoin core to help the network.\n\nIf I run lightning is that helping bitcoin?\n\nWill lightning consume much bandwidth? I.e. affect my ping time while gaming.\n\n  \n",
            "Edited?": false,
            "Is Submitter?": false,
            "Stickied?": false
        }
    ],
    "ef3ceaw": [
        {
            "Parent ID": "t3_ak9ve0",
            "Comment ID": "ef3ceaw",
            "Author": "Tjmv",
            "Date Created": "01-27-2019 06:46:36",
            "Upvotes": 13,
            "Text": "Woke up this morning, took the plunge and bought \u00a310 of Bitcoin and I\u2019m so happy I\u2019ve finally done it!",
            "Edited?": false,
            "Is Submitter?": false,
            "Stickied?": false
        }
    ],
    "ef56hxq": [
        {
            "Parent ID": "t3_ak9ve0",
            "Comment ID": "ef56hxq",
            "Author": "Edog3434",
            "Date Created": "01-27-2019 21:32:29",
            "Upvotes": 3,
            "Text": "Just bought my first amount of Bitcoin using the Cash App. Does the cash app have any drawbacks that a noob like me should know about?",
            "Edited?": false,
            "Is Submitter?": false,
            "Stickied?": false
        }
    ],
    "ef5d78b": [
        {
            "Parent ID": "t3_ak9ve0",
            "Comment ID": "ef5d78b",
            "Author": "[deleted]",
            "Date Created": "01-27-2019 22:55:45",
            "Upvotes": 3,
            "Text": "Bitmain liquidating their Btrash :) ?",
            "Edited?": false,
            "Is Submitter?": false,
            "Stickied?": false
        }
    ],
    "ef32jvt": [
        {
            "Parent ID": "t3_ak9ve0",
            "Comment ID": "ef32jvt",
            "Author": "KitUbijalec",
            "Date Created": "01-27-2019 03:59:07",
            "Upvotes": 4,
            "Text": "Thoughts on buying BTC right now? ",
            "Edited?": false,
            "Is Submitter?": false,
            "Stickied?": false
        }
    ],
    "ef31s9a": [
        {
            "Parent ID": "t3_ak9ve0",
            "Comment ID": "ef31s9a",
            "Author": "BCash_BeTrash",
            "Date Created": "01-27-2019 03:43:53",
            "Upvotes": 6,
            "Text": "Lol.  BCash today is 5th by market cap behind some shitcoin called E O S.\n\nGo Roger!  It's all going brilliantly.",
            "Edited?": false,
            "Is Submitter?": false,
            "Stickied?": false
        }
    ],
    "ef57i8d": [
        {
            "Parent ID": "t3_ak9ve0",
            "Comment ID": "ef57i8d",
            "Author": "laninsterJr",
            "Date Created": "01-27-2019 21:45:05",
            "Upvotes": 4,
            "Text": "Market is flooded with too many garbage centralized tokens. Feel sorry for those who buying those shitcoins.",
            "Edited?": false,
            "Is Submitter?": false,
            "Stickied?": false
        }
    ],
    "ef4b1ld": [
        {
            "Parent ID": "t3_ak9ve0",
            "Comment ID": "ef4b1ld",
            "Author": "ningrim",
            "Date Created": "01-27-2019 14:25:58",
            "Upvotes": 1,
            "Text": "noobish question: let's say I do a onetime transfer from an exchange to a cold wallet. If I run a node to verify that transaction, is there any value in running the node in perpetuity after the transaction has been verified once?",
            "Edited?": false,
            "Is Submitter?": false,
            "Stickied?": false
        }
    ],
    "ef4hi0i": [
        {
            "Parent ID": "t3_ak9ve0",
            "Comment ID": "ef4hi0i",
            "Author": "DamDent",
            "Date Created": "01-27-2019 16:15:18",
            "Upvotes": 1,
            "Text": "Question regarding generating csv report on Coinbase/CoinbasePro. When I get an email from them to 'download report', I keep getting a hyperlink that has a bunch of gibberish on it regarding the transactions made. How to actually download it though? i.e. into a 8949 generator or excel?\n\nThanks in advance",
            "Edited?": false,
            "Is Submitter?": false,
            "Stickied?": false
        }
    ],
    "ef5ejum": [
        {
            "Parent ID": "t3_ak9ve0",
            "Comment ID": "ef5ejum",
            "Author": "tommygunz007",
            "Date Created": "01-27-2019 23:13:30",
            "Upvotes": 1,
            "Text": "Step #1. Look at all the positive titles on /r/Bitcoin about lightning network, all the vendors accepting bitcoin, and nodes. \n\nStep #2. Look at the graph of the price of Bitcoin over the last year. \n\nStep #3. Do lots of drugs, sell magic beans, pray to fictional dieties, sacrifices animals, and pretend that _eventually_ it will catch on like Blackberry, PalmPilot, BetaMax, and Netscape.",
            "Edited?": false,
            "Is Submitter?": false,
            "Stickied?": false
        }
    ],
    "ef3hrzw": [
        {
            "Parent ID": "t3_ak9ve0",
            "Comment ID": "ef3hrzw",
            "Author": "[deleted]",
            "Date Created": "01-27-2019 08:22:30",
            "Upvotes": 1,
            "Text": "[removed]",
            "Edited?": false,
            "Is Submitter?": false,
            "Stickied?": false
        }
    ],
    "ef4jjn2": [
        {
            "Parent ID": "t3_ak9ve0",
            "Comment ID": "ef4jjn2",
            "Author": "Guy_Incognito97",
            "Date Created": "01-27-2019 16:43:21",
            "Upvotes": 0,
            "Text": "Since everyone likes guessing what is going to happen, my prediction for 2019 is that we'll increase gradually through the year with a high of $6300. Low will be about $3200 when the ETF is rejected. \n\nNot really basing that on anything. ",
            "Edited?": false,
            "Is Submitter?": false,
            "Stickied?": false
        }
    ],
    "ef5agic": [
        {
            "Parent ID": "t3_ak9ve0",
            "Comment ID": "ef5agic",
            "Author": "Poop_Shame",
            "Date Created": "01-27-2019 22:21:01",
            "Upvotes": -1,
            "Text": "Crashing ",
            "Edited?": false,
            "Is Submitter?": false,
            "Stickied?": false
        }
    ],
    "ef5k8uv": [
        {
            "Parent ID": "t3_ak9ve0",
            "Comment ID": "ef5k8uv",
            "Author": "blockchaincasino",
            "Date Created": "01-28-2019 00:36:41",
            "Upvotes": 0,
            "Text": "Just undercut the January 13th low. We're now sitting at the breakout top of the last consolidation cup. Will we be testing the last bottom?  Will it hold? ",
            "Edited?": false,
            "Is Submitter?": false,
            "Stickied?": false
        }
    ],
    "ef5nni8": [
        {
            "Parent ID": "t3_ak9ve0",
            "Comment ID": "ef5nni8",
            "Author": "honest37",
            "Date Created": "01-28-2019 01:40:09",
            "Upvotes": -2,
            "Text": "Good projects are been dragged down by the digital gold. The good altcoins need to decouple from this dinosaur. OR the the best altcoins will drag Btc up",
            "Edited?": "01-28-2019 01:47:27",
            "Is Submitter?": false,
            "Stickied?": false
        }
    ],
    "ef43nwi": [
        {
            "Parent ID": "t1_ef3d420",
            "Comment ID": "ef43nwi",
            "Author": "djulac",
            "Date Created": "01-27-2019 12:37:20",
            "Upvotes": 7,
            "Text": "Every week on thursday. Regular fiat amount no matter the price.",
            "Edited?": false,
            "Is Submitter?": false,
            "Stickied?": false
        }
    ],
    "ef3xrbn": [
        {
            "Parent ID": "t1_ef3d420",
            "Comment ID": "ef3xrbn",
            "Author": "ToBitOrNotToBit",
            "Date Created": "01-27-2019 11:33:28",
            "Upvotes": 4,
            "Text": "Bought few this week.\n\n:-)\n\nIf next month 3000 add again..... \n\nBottom is perilously close :-)",
            "Edited?": false,
            "Is Submitter?": false,
            "Stickied?": false
        }
    ],
    "ef4ub5t": [
        {
            "Parent ID": "t1_ef3d420",
            "Comment ID": "ef4ub5t",
            "Author": "The-Physicist",
            "Date Created": "01-27-2019 19:07:33",
            "Upvotes": 5,
            "Text": "Whenever I have cash I buy. Right now I\u2019m too broke after getting through Christmas season ",
            "Edited?": false,
            "Is Submitter?": false,
            "Stickied?": false
        }
    ],
    "ef3hs6a": [
        {
            "Parent ID": "t1_ef3d420",
            "Comment ID": "ef3hs6a",
            "Author": "cryptogrip",
            "Date Created": "01-27-2019 08:22:34",
            "Upvotes": 10,
            "Text": "Plenty of people are buying, trading, etc. Nobody knows if it will move sideways, up or down in the short term but there's a hell of a lot more positive developments out there now days then in the past. The main thing though in all of this is to remember that of anyone says they know it's going to drop they are completely full of shit. Nobody knows.",
            "Edited?": false,
            "Is Submitter?": false,
            "Stickied?": false
        }
    ],
    "ef3dt7s": [
        {
            "Parent ID": "t1_ef3d420",
            "Comment ID": "ef3dt7s",
            "Author": "alxlacayo",
            "Date Created": "01-27-2019 07:15:00",
            "Upvotes": 5,
            "Text": "Don\u2019t buy here. It\u2019s been flat for a week or so. Going down soon.",
            "Edited?": false,
            "Is Submitter?": false,
            "Stickied?": false
        }
    ],
    "ef49rix": [
        {
            "Parent ID": "t1_ef3d420",
            "Comment ID": "ef49rix",
            "Author": "Poop_Shame",
            "Date Created": "01-27-2019 14:05:06",
            "Upvotes": 2,
            "Text": "Looks that way. ",
            "Edited?": false,
            "Is Submitter?": false,
            "Stickied?": false
        }
    ],
    "ef337p7": [
        {
            "Parent ID": "t1_ef2x1yc",
            "Comment ID": "ef337p7",
            "Author": "Dont-Reply_I_SUCK",
            "Date Created": "01-27-2019 04:13:09",
            "Upvotes": 2,
            "Text": "Nobody watches CNBC for their opinion on the financial markets. ",
            "Edited?": false,
            "Is Submitter?": false,
            "Stickied?": false
        }
    ],
    "ef4tr0y": [
        {
            "Parent ID": "t1_ef3ceaw",
            "Comment ID": "ef4tr0y",
            "Author": "curseknight",
            "Date Created": "01-27-2019 19:00:35",
            "Upvotes": 5,
            "Text": "You have joined us at a good time. Please have a seat.",
            "Edited?": false,
            "Is Submitter?": false,
            "Stickied?": false
        }
    ],
    "ef3mft6": [
        {
            "Parent ID": "t1_ef3ceaw",
            "Comment ID": "ef3mft6",
            "Author": "vormstreber",
            "Date Created": "01-27-2019 09:26:51",
            "Upvotes": 4,
            "Text": "!lntip 100",
            "Edited?": false,
            "Is Submitter?": false,
            "Stickied?": false
        }
    ],
    "ef3lxrl": [
        {
            "Parent ID": "t1_ef3ceaw",
            "Comment ID": "ef3lxrl",
            "Author": "user_name_checks_out",
            "Date Created": "01-27-2019 09:20:40",
            "Upvotes": 2,
            "Text": "welcome aboard! :)",
            "Edited?": false,
            "Is Submitter?": false,
            "Stickied?": false
        }
    ],
    "ef596ck": [
        {
            "Parent ID": "t1_ef56hxq",
            "Comment ID": "ef596ck",
            "Author": "CoinedPrince",
            "Date Created": "01-27-2019 22:05:11",
            "Upvotes": 2,
            "Text": "Yes, major drawback is that you dont actually control your crypto.",
            "Edited?": false,
            "Is Submitter?": false,
            "Stickied?": false
        }
    ],
    "ef5govv": [
        {
            "Parent ID": "t1_ef5d78b",
            "Comment ID": "ef5govv",
            "Author": "djulac",
            "Date Created": "01-27-2019 23:42:46",
            "Upvotes": 2,
            "Text": "Shitcoins being shitcoined",
            "Edited?": false,
            "Is Submitter?": false,
            "Stickied?": false
        }
    ],
    "ef3q99l": [
        {
            "Parent ID": "t1_ef32jvt",
            "Comment ID": "ef3q99l",
            "Author": "nowTHATScomedy",
            "Date Created": "01-27-2019 10:10:21",
            "Upvotes": 6,
            "Text": "Buy low sell high",
            "Edited?": false,
            "Is Submitter?": false,
            "Stickied?": false
        }
    ],
    "ef41apj": [
        {
            "Parent ID": "t1_ef32jvt",
            "Comment ID": "ef41apj",
            "Author": "Mawrak",
            "Date Created": "01-27-2019 12:11:45",
            "Upvotes": 3,
            "Text": "Now seems like the best time to buy.",
            "Edited?": false,
            "Is Submitter?": false,
            "Stickied?": false
        }
    ],
    "ef331d9": [
        {
            "Parent ID": "t1_ef32jvt",
            "Comment ID": "ef331d9",
            "Author": "Dont-Reply_I_SUCK",
            "Date Created": "01-27-2019 04:09:31",
            "Upvotes": 1,
            "Text": "solving blocks every 10 minutes, so its more secure and valuable still I'd say ",
            "Edited?": false,
            "Is Submitter?": false,
            "Stickied?": false
        }
    ],
    "ef3dtuw": [
        {
            "Parent ID": "t1_ef32jvt",
            "Comment ID": "ef3dtuw",
            "Author": "alxlacayo",
            "Date Created": "01-27-2019 07:15:23",
            "Upvotes": -2,
            "Text": "No",
            "Edited?": false,
            "Is Submitter?": false,
            "Stickied?": false
        }
    ],
    "ef3aym1": [
        {
            "Parent ID": "t1_ef32jvt",
            "Comment ID": "ef3aym1",
            "Author": "uuhson",
            "Date Created": "01-27-2019 06:24:34",
            "Upvotes": -10,
            "Text": "Every dollar you aren't spending on Bitcoin might as well be flushed down the toilet. It literally *has* to moon someday\n\nEdit: apparently this wasn't sarcastic enough",
            "Edited?": "01-27-2019 16:12:00",
            "Is Submitter?": false,
            "Stickied?": false
        }
    ],
    "ef3rrkn": [
        {
            "Parent ID": "t1_ef31s9a",
            "Comment ID": "ef3rrkn",
            "Author": "kokomeows",
            "Date Created": "01-27-2019 10:26:40",
            "Upvotes": 1,
            "Text": "!lntip 100",
            "Edited?": false,
            "Is Submitter?": false,
            "Stickied?": false
        }
    ],
    "ef31u98": [
        {
            "Parent ID": "t1_ef31s9a",
            "Comment ID": "ef31u98",
            "Author": "BCash_BeTrash",
            "Date Created": "01-27-2019 03:44:52",
            "Upvotes": 0,
            "Text": "p.s. 2rd",
            "Edited?": false,
            "Is Submitter?": false,
            "Stickied?": false
        }
    ],
    "ef5booj": [
        {
            "Parent ID": "t1_ef57i8d",
            "Comment ID": "ef5booj",
            "Author": "Eertgggddsdfg",
            "Date Created": "01-27-2019 22:36:52",
            "Upvotes": -2,
            "Text": "Centralized crypto = the future. Decentralized systems never worked in the history of human being, neither do decentralized crypto like btc work (no usecase, highly manipulated). Centralization and regulation are needed to make a system work. That's the lesson we learned from crypto and btc. ",
            "Edited?": false,
            "Is Submitter?": false,
            "Stickied?": false
        }
    ],
    "ef4kdkk": [
        {
            "Parent ID": "t1_ef4b1ld",
            "Comment ID": "ef4kdkk",
            "Author": "time_wasted504",
            "Date Created": "01-27-2019 16:54:59",
            "Upvotes": 4,
            "Text": "Yes and No. \n\nYou are still voting for the consensus rules of that version by running the node. You will gain privacy if you create a  watch only wallet and it verifies using your node as opposed to online block explorers. You will be adding to the global network re propagation and uploading, helping to bootstrap the blockchain to others. You can use that node to transact in the future, you will learn more about being your own bank by experimenting with it.\n\nIs it really necessary? No. Is there still some benefits? Yes.",
            "Edited?": false,
            "Is Submitter?": false,
            "Stickied?": false
        }
    ],
    "ef5kxuf": [
        {
            "Parent ID": "t1_ef5ejum",
            "Comment ID": "ef5kxuf",
            "Author": "damchi",
            "Date Created": "01-28-2019 00:48:52",
            "Upvotes": 4,
            "Text": "Step #4. Lose IQ points by reading tommygunz007 posts.",
            "Edited?": false,
            "Is Submitter?": false,
            "Stickied?": false
        }
    ],
    "ef5fzwm": [
        {
            "Parent ID": "t1_ef5ejum",
            "Comment ID": "ef5fzwm",
            "Author": "Poop_Shame",
            "Date Created": "01-27-2019 23:33:17",
            "Upvotes": 2,
            "Text": "Step #????. Profit",
            "Edited?": false,
            "Is Submitter?": false,
            "Stickied?": false
        }
    ],
    "ef5i4dc": [
        {
            "Parent ID": "t1_ef5ejum",
            "Comment ID": "ef5i4dc",
            "Author": "tarzanboyo",
            "Date Created": "01-28-2019 00:02:23",
            "Upvotes": 0,
            "Text": "The positive news on here is just cringe, bitcoins been in a downward spiral for the best part of a year and no new technology is changing it.",
            "Edited?": false,
            "Is Submitter?": false,
            "Stickied?": false
        }
    ],
    "ef3iq05": [
        {
            "Parent ID": "t1_ef3hrzw",
            "Comment ID": "ef3iq05",
            "Author": "[deleted]",
            "Date Created": "01-27-2019 08:36:23",
            "Upvotes": 2,
            "Text": "[removed]",
            "Edited?": false,
            "Is Submitter?": false,
            "Stickied?": false
        }
    ],
    "ef4kzjd": [
        {
            "Parent ID": "t1_ef4jjn2",
            "Comment ID": "ef4kzjd",
            "Author": "longbeachbrawler",
            "Date Created": "01-27-2019 17:05:35",
            "Upvotes": 3,
            "Text": "I like it, the 6300 part...",
            "Edited?": false,
            "Is Submitter?": false,
            "Stickied?": false
        }
    ],
    "ef4nzlb": [
        {
            "Parent ID": "t1_ef4jjn2",
            "Comment ID": "ef4nzlb",
            "Author": "Asiantran98",
            "Date Created": "01-27-2019 17:47:28",
            "Upvotes": 3,
            "Text": "Etf isn't happening...",
            "Edited?": false,
            "Is Submitter?": false,
            "Stickied?": false
        }
    ],
    "ef4tkmt": [
        {
            "Parent ID": "t1_ef4jjn2",
            "Comment ID": "ef4tkmt",
            "Author": "curseknight",
            "Date Created": "01-27-2019 18:58:22",
            "Upvotes": 1,
            "Text": "That's about what I expect for this year. I don't see a rapid recovery after such a turn of events.",
            "Edited?": false,
            "Is Submitter?": false,
            "Stickied?": false
        }
    ],
    "ef5m1o4": [
        {
            "Parent ID": "t1_ef5k8uv",
            "Comment ID": "ef5m1o4",
            "Author": "bluethunder1985",
            "Date Created": "01-28-2019 01:08:48",
            "Upvotes": -4,
            "Text": "I hope not. I want it much cheaper... ",
            "Edited?": false,
            "Is Submitter?": false,
            "Stickied?": false
        }
    ],
    "ef4zp82": [
        {
            "Parent ID": "t1_ef43nwi",
            "Comment ID": "ef4zp82",
            "Author": "ActionJaxn99",
            "Date Created": "01-27-2019 20:12:21",
            "Upvotes": 4,
            "Text": "Not financial advice but I always buy on Sundays because the prices tend to be lower on that day for some reason.",
            "Edited?": false,
            "Is Submitter?": false,
            "Stickied?": false
        }
    ],
    "ef4qtey": [
        {
            "Parent ID": "t1_ef43nwi",
            "Comment ID": "ef4qtey",
            "Author": "itos",
            "Date Created": "01-27-2019 18:23:59",
            "Upvotes": 3,
            "Text": "For me the same, but doing it daily.",
            "Edited?": false,
            "Is Submitter?": false,
            "Stickied?": false
        }
    ],
    "ef4byho": [
        {
            "Parent ID": "t1_ef43nwi",
            "Comment ID": "ef4byho",
            "Author": "BigDaddyAnusTart",
            "Date Created": "01-27-2019 14:39:07",
            "Upvotes": 2,
            "Text": "what could go wrong?",
            "Edited?": false,
            "Is Submitter?": false,
            "Stickied?": false
        }
    ],
    "ef4byb8": [
        {
            "Parent ID": "t1_ef43nwi",
            "Comment ID": "ef4byb8",
            "Author": "BigDaddyAnusTart",
            "Date Created": "01-27-2019 14:39:00",
            "Upvotes": 1,
            "Text": "what could go wrong?",
            "Edited?": false,
            "Is Submitter?": false,
            "Stickied?": false
        }
    ],
    "ef3zkzv": [
        {
            "Parent ID": "t1_ef3xrbn",
            "Comment ID": "ef3zkzv",
            "Author": "cir2kuk",
            "Date Created": "01-27-2019 11:53:23",
            "Upvotes": 7,
            "Text": "Good man! Funny thing is I was happy buying Bitcoin at 6k so now is abit of a bargain and will average down my buy in! ",
            "Edited?": false,
            "Is Submitter?": false,
            "Stickied?": false
        }
    ],
    "ef44j5a": [
        {
            "Parent ID": "t1_ef3hs6a",
            "Comment ID": "ef44j5a",
            "Author": "cir2kuk",
            "Date Created": "01-27-2019 12:46:49",
            "Upvotes": 2,
            "Text": "I don't get the hate for your comment! Your right no one knows! ",
            "Edited?": false,
            "Is Submitter?": false,
            "Stickied?": false
        }
    ],
    "ef3dzze": [
        {
            "Parent ID": "t1_ef3dt7s",
            "Comment ID": "ef3dzze",
            "Author": "cir2kuk",
            "Date Created": "01-27-2019 07:18:54",
            "Upvotes": 6,
            "Text": "I'm only buying small amounts weekly! ",
            "Edited?": false,
            "Is Submitter?": false,
            "Stickied?": false
        }
    ],
    "ef3pj8u": [
        {
            "Parent ID": "t1_ef3dt7s",
            "Comment ID": "ef3pj8u",
            "Author": "Terrance021",
            "Date Created": "01-27-2019 10:02:27",
            "Upvotes": 3,
            "Text": "Don't get nervous if it drops to 2.6k tomorrow. Go look at some charts from 2011 or 2013 and imagine the people who panic sold then... if only they had waited!",
            "Edited?": false,
            "Is Submitter?": false,
            "Stickied?": false
        }
    ],
    "ef4w52u": [
        {
            "Parent ID": "t1_ef4tr0y",
            "Comment ID": "ef4w52u",
            "Author": "Tjmv",
            "Date Created": "01-27-2019 19:30:05",
            "Upvotes": 3,
            "Text": "Thank you. I\u2019ve started with Coinbase but I\u2019m going to do more research and see what is best for me. ",
            "Edited?": false,
            "Is Submitter?": false,
            "Stickied?": false
        }
    ],
    "ef3o8w8": [
        {
            "Parent ID": "t1_ef3mft6",
            "Comment ID": "ef3o8w8",
            "Author": "Tjmv",
            "Date Created": "01-27-2019 09:47:49",
            "Upvotes": 5,
            "Text": "Thank you! I\u2019ll make sure I HODL  :)",
            "Edited?": false,
            "Is Submitter?": false,
            "Stickied?": false
        }
    ],
    "ef3mggj": [
        {
            "Parent ID": "t1_ef3mft6",
            "Comment ID": "ef3mggj",
            "Author": "lntipbot",
            "Date Created": "01-27-2019 09:27:03",
            "Upvotes": 3,
            "Text": "Hi u/vormstreber, thanks for tipping u/Tjmv **100** satoshis!\n***\n*[^(More info)](https://www.reddit.com/r/lntipbot/wiki/index) ^| [^(Balance)](https://www.reddit.com/message/compose/?to=lntipbot&subject=balance&message=!balance) ^| [^(Deposit)](https://www.reddit.com/message/compose/?to=lntipbot&subject=deposit&message=!deposit 10000) ^| [^(Withdraw)](https://www.reddit.com/message/compose/?to=lntipbot&subject=withdraw&message=!withdraw put_invoice_here) ^| ^(Something wrong?  Have a question?) [^(Send me a message)](https://www.reddit.com/message/compose/?to=drmoore718)*",
            "Edited?": false,
            "Is Submitter?": false,
            "Stickied?": false
        }
    ],
    "ef3o6uf": [
        {
            "Parent ID": "t1_ef3lxrl",
            "Comment ID": "ef3o6uf",
            "Author": "Tjmv",
            "Date Created": "01-27-2019 09:47:09",
            "Upvotes": 2,
            "Text": "Thank you! Excited to be here!",
            "Edited?": false,
            "Is Submitter?": false,
            "Stickied?": false
        }
    ],
    "ef59uaf": [
        {
            "Parent ID": "t1_ef596ck",
            "Comment ID": "ef59uaf",
            "Author": "Edog3434",
            "Date Created": "01-27-2019 22:13:27",
            "Upvotes": 2,
            "Text": "I'm currently being verified to withdraw it to my btc wallet. Would that give me control of it?",
            "Edited?": false,
            "Is Submitter?": false,
            "Stickied?": false
        }
    ],
    "ef3dwd7": [
        {
            "Parent ID": "t1_ef3aym1",
            "Comment ID": "ef3dwd7",
            "Author": "TheGreatMuffin",
            "Date Created": "01-27-2019 07:16:49",
            "Upvotes": 6,
            "Text": "No it doesn't. And even if you think it does, you'd be wise to have some expenses saved up in fiat, because bitcoin might go sideways or down for an unforeseeable amount of time.",
            "Edited?": false,
            "Is Submitter?": false,
            "Stickied?": false
        }
    ],
    "ef3bhbg": [
        {
            "Parent ID": "t1_ef3aym1",
            "Comment ID": "ef3bhbg",
            "Author": "KitUbijalec",
            "Date Created": "01-27-2019 06:32:04",
            "Upvotes": 3,
            "Text": "Right???? 3k seems pretty good entry point compared to ATH",
            "Edited?": false,
            "Is Submitter?": false,
            "Stickied?": false
        }
    ],
    "ef3k7r7": [
        {
            "Parent ID": "t1_ef3aym1",
            "Comment ID": "ef3k7r7",
            "Author": "1561KWP",
            "Date Created": "01-27-2019 08:57:41",
            "Upvotes": 4,
            "Text": "The Hunt Brothers thought this about silver.  Took +40 years to reach those highs again.  And it has fallen again.  \n\nSo if it takes Btc 40 years to get back to $20k, is it worth it? \\*NO guarantees!",
            "Edited?": false,
            "Is Submitter?": false,
            "Stickied?": false
        }
    ],
    "ef3mxvq": [
        {
            "Parent ID": "t1_ef3aym1",
            "Comment ID": "ef3mxvq",
            "Author": "woolypully",
            "Date Created": "01-27-2019 09:32:36",
            "Upvotes": 5,
            "Text": "Why?   Why does it have to moon?  Past performance is not an indicator of future activity.  Mooning means volatility which isn\u2019t great for currency or investments.   Because, as happened, the opposite would hold true that it then has to crater.  ",
            "Edited?": false,
            "Is Submitter?": false,
            "Stickied?": false
        }
    ],
    "ef3rrz0": [
        {
            "Parent ID": "t1_ef3rrkn",
            "Comment ID": "ef3rrz0",
            "Author": "lntipbot",
            "Date Created": "01-27-2019 10:26:48",
            "Upvotes": 1,
            "Text": "Hi u/kokomeows, thanks for tipping u/BCash_BeTrash **100** satoshis!\n***\n*[^(More info)](https://www.reddit.com/r/lntipbot/wiki/index) ^| [^(Balance)](https://www.reddit.com/message/compose/?to=lntipbot&subject=balance&message=!balance) ^| [^(Deposit)](https://www.reddit.com/message/compose/?to=lntipbot&subject=deposit&message=!deposit 10000) ^| [^(Withdraw)](https://www.reddit.com/message/compose/?to=lntipbot&subject=withdraw&message=!withdraw put_invoice_here) ^| ^(Something wrong?  Have a question?) [^(Send me a message)](https://www.reddit.com/message/compose/?to=drmoore718)*",
            "Edited?": false,
            "Is Submitter?": false,
            "Stickied?": false
        }
    ],
    "ef3m7fv": [
        {
            "Parent ID": "t1_ef31u98",
            "Comment ID": "ef3m7fv",
            "Author": "user_name_checks_out",
            "Date Created": "01-27-2019 09:24:07",
            "Upvotes": 5,
            "Text": "how will you spend your days once BCH is dead and buried?",
            "Edited?": false,
            "Is Submitter?": false,
            "Stickied?": false
        }
    ],
    "ef5ewk6": [
        {
            "Parent ID": "t1_ef5booj",
            "Comment ID": "ef5ewk6",
            "Author": "djulac",
            "Date Created": "01-27-2019 23:18:06",
            "Upvotes": 1,
            "Text": "I'd rather use Fiat than your centralized shitcoin. Good luck with your XRP holdings.",
            "Edited?": false,
            "Is Submitter?": false,
            "Stickied?": false
        }
    ],
    "ef5udls": [
        {
            "Parent ID": "t1_ef5booj",
            "Comment ID": "ef5udls",
            "Author": "laninsterJr",
            "Date Created": "01-28-2019 04:03:42",
            "Upvotes": 1,
            "Text": "Rededitor for 7 days!.LOL. Entire human history itself is a decentralized!. Its only last few hundred years human civilization got centralized and we are heading to decentralize advance civilization again. You need to read a LOT!",
            "Edited?": false,
            "Is Submitter?": false,
            "Stickied?": false
        }
    ],
    "ef5bxnj": [
        {
            "Parent ID": "t1_ef5booj",
            "Comment ID": "ef5bxnj",
            "Author": "ColonelEngel",
            "Date Created": "01-27-2019 22:40:10",
            "Upvotes": 0,
            "Text": "tell that to gold",
            "Edited?": false,
            "Is Submitter?": false,
            "Stickied?": false
        }
    ],
    "ef5m480": [
        {
            "Parent ID": "t1_ef5i4dc",
            "Comment ID": "ef5m480",
            "Author": "Justacluster",
            "Date Created": "01-28-2019 01:10:06",
            "Upvotes": 1,
            "Text": "THIS.  The \"positive\" news is literally all memes.",
            "Edited?": "01-28-2019 01:55:53",
            "Is Submitter?": false,
            "Stickied?": false
        }
    ],
    "ef64ddu": [
        {
            "Parent ID": "t1_ef5i4dc",
            "Comment ID": "ef64ddu",
            "Author": "tommygunz007",
            "Date Created": "01-28-2019 07:49:19",
            "Upvotes": 1,
            "Text": "because its a popularity thing like cabbage patch kids",
            "Edited?": false,
            "Is Submitter?": false,
            "Stickied?": false
        }
    ],
    "ef5k7xj": [
        {
            "Parent ID": "t1_ef5i4dc",
            "Comment ID": "ef5k7xj",
            "Author": "Poop_Shame",
            "Date Created": "01-28-2019 00:36:15",
            "Upvotes": 0,
            "Text": "Ummm... Russia is about to drop 10 billion dollars into Bitcoin. ",
            "Edited?": false,
            "Is Submitter?": false,
            "Stickied?": false
        }
    ],
    "ef3jyaf": [
        {
            "Parent ID": "t1_ef3iq05",
            "Comment ID": "ef3jyaf",
            "Author": "[deleted]",
            "Date Created": "01-27-2019 08:54:01",
            "Upvotes": 2,
            "Text": "[removed]",
            "Edited?": "08-23-2019 13:33:36",
            "Is Submitter?": false,
            "Stickied?": false
        }
    ],
    "ef5n7ay": [
        {
            "Parent ID": "t1_ef4tkmt",
            "Comment ID": "ef5n7ay",
            "Author": "MikeLittorice",
            "Date Created": "01-28-2019 01:30:53",
            "Upvotes": 1,
            "Text": "Doubling in value would be a rapid recovery in my book. ",
            "Edited?": false,
            "Is Submitter?": false,
            "Stickied?": false
        }
    ],
    "ef5m8xs": [
        {
            "Parent ID": "t1_ef5m1o4",
            "Comment ID": "ef5m8xs",
            "Author": "tarzanboyo",
            "Date Created": "01-28-2019 01:12:32",
            "Upvotes": 3,
            "Text": "Yeah of course you do",
            "Edited?": false,
            "Is Submitter?": false,
            "Stickied?": false
        }
    ],
    "ef58ors": [
        {
            "Parent ID": "t1_ef4byho",
            "Comment ID": "ef58ors",
            "Author": "hippestpotamus",
            "Date Created": "01-27-2019 21:59:06",
            "Upvotes": 3,
            "Text": "It's dollar cost averaging",
            "Edited?": false,
            "Is Submitter?": false,
            "Stickied?": false
        }
    ],
    "ef4to4n": [
        {
            "Parent ID": "t1_ef3zkzv",
            "Comment ID": "ef4to4n",
            "Author": "curseknight",
            "Date Created": "01-27-2019 18:59:34",
            "Upvotes": 3,
            "Text": "I mean, if you were buying at $6k with the \"cheap coins\" mindset, you should be buying now (if you have spare cash), right? :P",
            "Edited?": false,
            "Is Submitter?": false,
            "Stickied?": false
        }
    ],
    "ef44mop": [
        {
            "Parent ID": "t1_ef3pj8u",
            "Comment ID": "ef44mop",
            "Author": "cir2kuk",
            "Date Created": "01-27-2019 12:47:49",
            "Upvotes": 4,
            "Text": "I won't I'm thinking long term! I still have the Bitcoin I bought mid 2017 ",
            "Edited?": false,
            "Is Submitter?": false,
            "Stickied?": false
        }
    ],
    "ef5fohx": [
        {
            "Parent ID": "t1_ef4w52u",
            "Comment ID": "ef5fohx",
            "Author": "absonudely",
            "Date Created": "01-27-2019 23:28:47",
            "Upvotes": 4,
            "Text": "Ive found that coinbase pro is excellent.  No fees on limit orders is clutch",
            "Edited?": false,
            "Is Submitter?": false,
            "Stickied?": false
        }
    ],
    "ef5z84m": [
        {
            "Parent ID": "t1_ef4w52u",
            "Comment ID": "ef5z84m",
            "Author": "curseknight",
            "Date Created": "01-28-2019 05:56:29",
            "Upvotes": 2,
            "Text": "Though you will need to think about where you'll store the coins, once you get a substantial amount in Bitcoin. An always offline computer/laptop with an offline wallet is great for this role, it does the same thing as a hardware wallet. Just ensure the computer is completely unable to connect to the internet. To spend your coins, sign a transaction on the offline computer and submit it using an online computer.",
            "Edited?": false,
            "Is Submitter?": false,
            "Stickied?": false
        }
    ],
    "ef5a0ku": [
        {
            "Parent ID": "t1_ef59uaf",
            "Comment ID": "ef5a0ku",
            "Author": "Klyto",
            "Date Created": "01-27-2019 22:15:39",
            "Upvotes": 7,
            "Text": "Yes, once you withdraw.  Not your keys not your Bitcoin.",
            "Edited?": false,
            "Is Submitter?": false,
            "Stickied?": false
        }
    ],
    "ef5idna": [
        {
            "Parent ID": "t1_ef59uaf",
            "Comment ID": "ef5idna",
            "Author": "datasquad",
            "Date Created": "01-28-2019 00:06:18",
            "Upvotes": 1,
            "Text": "If you bought a considerable amount then the next step would be to buy a cold storage wallet such as Trezor or Ledger Nano S.",
            "Edited?": false,
            "Is Submitter?": false,
            "Stickied?": false
        }
    ],
    "ef3m3y2": [
        {
            "Parent ID": "t1_ef3dwd7",
            "Comment ID": "ef3m3y2",
            "Author": "user_name_checks_out",
            "Date Created": "01-27-2019 09:22:53",
            "Upvotes": 1,
            "Text": "> you'd be wise to have some expenses saved up in fiat\n\nyou can't save an expense, not in any currency.  an expense is an outflow of money.",
            "Edited?": false,
            "Is Submitter?": false,
            "Stickied?": false
        }
    ],
    "ef4ha21": [
        {
            "Parent ID": "t1_ef3dwd7",
            "Comment ID": "ef4ha21",
            "Author": "uuhson",
            "Date Created": "01-27-2019 16:12:12",
            "Upvotes": 1,
            "Text": "I was being incredibly sarcastic",
            "Edited?": false,
            "Is Submitter?": false,
            "Stickied?": false
        }
    ],
    "ef3pvxl": [
        {
            "Parent ID": "t1_ef3k7r7",
            "Comment ID": "ef3pvxl",
            "Author": "ToBitOrNotToBit",
            "Date Created": "01-27-2019 10:06:20",
            "Upvotes": 1,
            "Text": "When you can send 50 kg of silver in 10 minutes from Zimbabwe to Venezuela, let me know :-)",
            "Edited?": false,
            "Is Submitter?": false,
            "Stickied?": false
        }
    ],
    "ef41q4v": [
        {
            "Parent ID": "t1_ef3k7r7",
            "Comment ID": "ef41q4v",
            "Author": "cryptogrip",
            "Date Created": "01-27-2019 12:16:11",
            "Upvotes": -1,
            "Text": "Please don't compare an emerging technology with multiple potential use cases as a  hybrid entity that can function to be exchanged as currency, as a store of value and facilitate and account for the exchanges ....to silver. Just don't. It implies that people are ignorant and I'd like to believe that people are at least informed enough to make comparisons that are logical.",
            "Edited?": false,
            "Is Submitter?": false,
            "Stickied?": false
        }
    ],
    "ef3pqtz": [
        {
            "Parent ID": "t1_ef3mxvq",
            "Comment ID": "ef3pqtz",
            "Author": "ToBitOrNotToBit",
            "Date Created": "01-27-2019 10:04:47",
            "Upvotes": -8,
            "Text": "Because.... \n\nWell the simple answer (that 98% of the dumb general populace won't like) is it HAS TO grow massively in price. \n\nWhy??\n\nTo absorb the fiat/stocks /debt bubble, that's been bubbling 90 years.\n\nWhat??\n\nLook Friday USA treasuries.... Look stocks last 6 months..... Look debt levels. Full  22 trillion $ and growing by the day (that's 1 trillion a year.).\n\n....and keep inflating the bubble... \n\nSo what are you gonna hold - American debt (LOL) or bitcoin???? \n\nSimple eh.\n:-)",
            "Edited?": "01-27-2019 11:29:38",
            "Is Submitter?": false,
            "Stickied?": false
        }
    ],
    "ef43lez": [
        {
            "Parent ID": "t1_ef3m7fv",
            "Comment ID": "ef43lez",
            "Author": "BCash_BeTrash",
            "Date Created": "01-27-2019 12:36:33",
            "Upvotes": 1,
            "Text": "I will become an SJW and fight for the rights of women to continue to  moan about everything.",
            "Edited?": false,
            "Is Submitter?": false,
            "Stickied?": false
        }
    ],
    "ef5ntmq": [
        {
            "Parent ID": "t1_ef5m480",
            "Comment ID": "ef5ntmq",
            "Author": "xtal_00",
            "Date Created": "01-28-2019 01:43:21",
            "Upvotes": 0,
            "Text": "Better dump quick. Help us out who are accumulating.",
            "Edited?": false,
            "Is Submitter?": false,
            "Stickied?": false
        }
    ],
    "ef5m9wi": [
        {
            "Parent ID": "t1_ef5k7xj",
            "Comment ID": "ef5m9wi",
            "Author": "tarzanboyo",
            "Date Created": "01-28-2019 01:13:03",
            "Upvotes": 2,
            "Text": "For a month now?",
            "Edited?": false,
            "Is Submitter?": false,
            "Stickied?": false
        }
    ],
    "ef5zcox": [
        {
            "Parent ID": "t1_ef5n7ay",
            "Comment ID": "ef5zcox",
            "Author": "curseknight",
            "Date Created": "01-28-2019 05:59:49",
            "Upvotes": 1,
            "Text": "Depends on how long it takes for that to happen.",
            "Edited?": false,
            "Is Submitter?": false,
            "Stickied?": false
        }
    ],
    "ef5ma50": [
        {
            "Parent ID": "t1_ef5m8xs",
            "Comment ID": "ef5ma50",
            "Author": "bluethunder1985",
            "Date Created": "01-28-2019 01:13:11",
            "Upvotes": 0,
            "Text": "1mil club too pricey still ",
            "Edited?": false,
            "Is Submitter?": false,
            "Stickied?": false
        }
    ],
    "ef665v9": [
        {
            "Parent ID": "t1_ef58ors",
            "Comment ID": "ef665v9",
            "Author": "BigDaddyAnusTart",
            "Date Created": "01-28-2019 08:17:51",
            "Upvotes": 0,
            "Text": "\u201cDescending into a mountain with a plane is still flying.\u201c",
            "Edited?": false,
            "Is Submitter?": false,
            "Stickied?": false
        }
    ],
    "ef5zaiv": [
        {
            "Parent ID": "t1_ef5z84m",
            "Comment ID": "ef5zaiv",
            "Author": "curseknight",
            "Date Created": "01-28-2019 05:58:14",
            "Upvotes": 2,
            "Text": "Plus you dont need to trust the hardware because it's your own hardware and only you can control any coins going out of it and getting exposed to the internet.",
            "Edited?": false,
            "Is Submitter?": false,
            "Stickied?": false
        }
    ],
    "ef3n6nl": [
        {
            "Parent ID": "t1_ef3m3y2",
            "Comment ID": "ef3n6nl",
            "Author": "TheGreatMuffin",
            "Date Created": "01-27-2019 09:35:29",
            "Upvotes": 2,
            "Text": "True :)   \n\n\"keeping some fiat money for future living expenses and potential emergencies\" or something like that, then",
            "Edited?": false,
            "Is Submitter?": false,
            "Stickied?": false
        }
    ],
    "ef4hes4": [
        {
            "Parent ID": "t1_ef4ha21",
            "Comment ID": "ef4hes4",
            "Author": "TheGreatMuffin",
            "Date Created": "01-27-2019 16:14:03",
            "Upvotes": 3,
            "Text": "I've read enough similar posts that definitely weren't sarcastic. Tough to differentiate at times :)  \n",
            "Edited?": false,
            "Is Submitter?": false,
            "Stickied?": false
        }
    ],
    "ef3w85j": [
        {
            "Parent ID": "t1_ef3pvxl",
            "Comment ID": "ef3w85j",
            "Author": "1561KWP",
            "Date Created": "01-27-2019 11:16:46",
            "Upvotes": 2,
            "Text": "This has nothing to do with a price recovery.  For the sake of argument, I can send money via my bank (which i do) to any other bank.  Converted us dollars of course.",
            "Edited?": false,
            "Is Submitter?": false,
            "Stickied?": false
        }
    ],
    "ef3wong": [
        {
            "Parent ID": "t1_ef3pvxl",
            "Comment ID": "ef3wong",
            "Author": "perkia",
            "Date Created": "01-27-2019 11:21:42",
            "Upvotes": 2,
            "Text": "You are correct, this is something the market desperately needs. /s",
            "Edited?": false,
            "Is Submitter?": false,
            "Stickied?": false
        }
    ],
    "ef449zm": [
        {
            "Parent ID": "t1_ef3pqtz",
            "Comment ID": "ef449zm",
            "Author": "djulac",
            "Date Created": "01-27-2019 12:44:02",
            "Upvotes": 1,
            "Text": "Truth. Biggest scam is not BTC. BTC was created to free people out of the Fiat scam.\n\n'00 crisis: companies went bankrupt and were saved by banks\n\n'08 crisis: banks went bankrupt and were saved by Fiat (QE)\n\nnext crisis: Fiat debt scheme will hit the brick wall. What will save it?",
            "Edited?": false,
            "Is Submitter?": false,
            "Stickied?": false
        }
    ],
    "ef3x8qn": [
        {
            "Parent ID": "t1_ef3pqtz",
            "Comment ID": "ef3x8qn",
            "Author": "ToBitOrNotToBit",
            "Date Created": "01-27-2019 11:27:44",
            "Upvotes": -5,
            "Text": "Dimwits, why are you downvoting me??\n\nAny coherent response??\n\nDid I hurt your 100-year old believe in criminal investors?? \n\nBernie Madoff,  Trump .... is just the guy you (stock retards) deserve.\n\nTrue story :-)",
            "Edited?": "01-27-2019 11:34:17",
            "Is Submitter?": false,
            "Stickied?": false
        }
    ],
    "ef602ie": [
        {
            "Parent ID": "t1_ef5zcox",
            "Comment ID": "ef602ie",
            "Author": "MikeLittorice",
            "Date Created": "01-28-2019 06:18:16",
            "Upvotes": 1,
            "Text": "He was talking about this year. ",
            "Edited?": false,
            "Is Submitter?": false,
            "Stickied?": false
        }
    ],
    "ef87vg2": [
        {
            "Parent ID": "t1_ef665v9",
            "Comment ID": "ef87vg2",
            "Author": "hippestpotamus",
            "Date Created": "01-28-2019 21:45:23",
            "Upvotes": 1,
            "Text": "Dunno what plane you're talking about but we're on a rocket ship that just landed on the moon and is returning back to Earth for a refueling.",
            "Edited?": false,
            "Is Submitter?": false,
            "Stickied?": false
        }
    ],
    "ef415oi": [
        {
            "Parent ID": "t1_ef3w85j",
            "Comment ID": "ef415oi",
            "Author": "shure_slo",
            "Date Created": "01-27-2019 12:10:19",
            "Upvotes": 2,
            "Text": "Sure, from monday to friday from 8am to 6pm or something like that.  Really amazing, if not using swift it can even get processed on the same day.\n\nI still think we are going lower...",
            "Edited?": false,
            "Is Submitter?": false,
            "Stickied?": false
        }
    ],
    "ef3y3ew": [
        {
            "Parent ID": "t1_ef3w85j",
            "Comment ID": "ef3y3ew",
            "Author": "ToBitOrNotToBit",
            "Date Created": "01-27-2019 11:37:20",
            "Upvotes": 3,
            "Text": "Money, which is fiat is super inflationary . \n\nIf you have $3000 in your bank, next decade it'll be CERTAINLY worth only 1500 (inflation baby :-( ). \n\nIf you put 3000 in bitcoin you'll have between 0 and 500000.\n\nSo not much of a dilemma :-)",
            "Edited?": false,
            "Is Submitter?": false,
            "Stickied?": false
        }
    ],
    "ef5g9dh": [
        {
            "Parent ID": "t1_ef3wong",
            "Comment ID": "ef5g9dh",
            "Author": "AnonAh525252",
            "Date Created": "01-27-2019 23:37:10",
            "Upvotes": 0,
            "Text": "I bet you live in a first world country and have easy access to banking. You\u2019re on the wrong side of history.",
            "Edited?": false,
            "Is Submitter?": false,
            "Stickied?": false
        }
    ],
    "ef5jvn5": [
        {
            "Parent ID": "t1_ef3x8qn",
            "Comment ID": "ef5jvn5",
            "Author": "cryptotrillionaire",
            "Date Created": "01-28-2019 00:30:46",
            "Upvotes": 1,
            "Text": "Because you type like an asshole.",
            "Edited?": false,
            "Is Submitter?": false,
            "Stickied?": false
        }
    ],
    "ef65i93": [
        {
            "Parent ID": "t1_ef602ie",
            "Comment ID": "ef65i93",
            "Author": "curseknight",
            "Date Created": "01-28-2019 08:07:53",
            "Upvotes": 1,
            "Text": "It fell rapidly from $6k. A recovery back to $6k that takes a year is not rapid on my book.",
            "Edited?": false,
            "Is Submitter?": false,
            "Stickied?": false
        }
    ],
    "ef65l7f": [
        {
            "Parent ID": "t1_ef602ie",
            "Comment ID": "ef65l7f",
            "Author": "curseknight",
            "Date Created": "01-28-2019 08:09:04",
            "Upvotes": 1,
            "Text": "Though it can easily take until the halving for us to see even that.",
            "Edited?": false,
            "Is Submitter?": false,
            "Stickied?": false
        }
    ],
    "ef8eoob": [
        {
            "Parent ID": "t1_ef87vg2",
            "Comment ID": "ef8eoob",
            "Author": "BigDaddyAnusTart",
            "Date Created": "01-28-2019 23:04:12",
            "Upvotes": 2,
            "Text": "lol",
            "Edited?": false,
            "Is Submitter?": false,
            "Stickied?": false
        }
    ]
}