{
    "dv640jl": [
        {
            "Parent ID": "t3_81wvhe",
            "Comment ID": "dv640jl",
            "Author": "BuyHighSellLow123",
            "Date Created": "03-04-2018 11:12:23",
            "Upvotes": 15,
            "Text": "If this is the Sunday selloff its going to be a good week",
            "Edited?": false,
            "Is Submitter?": false,
            "Stickied?": false
        }
    ],
    "dv70qev": [
        {
            "Parent ID": "t3_81wvhe",
            "Comment ID": "dv70qev",
            "Author": "Rogilicious",
            "Date Created": "03-04-2018 21:46:45",
            "Upvotes": 13,
            "Text": "Break the fucking $11,500 wall down boys!!!! ",
            "Edited?": false,
            "Is Submitter?": false,
            "Stickied?": false
        }
    ],
    "dv6bo35": [
        {
            "Parent ID": "t3_81wvhe",
            "Comment ID": "dv6bo35",
            "Author": "Sci-Clops1",
            "Date Created": "03-04-2018 13:38:45",
            "Upvotes": 9,
            "Text": "Looks like it's 'The Battle For Eleven-Three' Part II.",
            "Edited?": false,
            "Is Submitter?": false,
            "Stickied?": false
        }
    ],
    "dv6lalk": [
        {
            "Parent ID": "t3_81wvhe",
            "Comment ID": "dv6lalk",
            "Author": "yourfaceson",
            "Date Created": "03-04-2018 16:40:25",
            "Upvotes": 9,
            "Text": "So much for the weekend dip.",
            "Edited?": false,
            "Is Submitter?": false,
            "Stickied?": false
        }
    ],
    "dv74hkk": [
        {
            "Parent ID": "t3_81wvhe",
            "Comment ID": "dv74hkk",
            "Author": "mbjb2",
            "Date Created": "03-04-2018 23:03:25",
            "Upvotes": 7,
            "Text": "Its a good day to break $12000 ",
            "Edited?": false,
            "Is Submitter?": false,
            "Stickied?": false
        }
    ],
    "dv6sdoj": [
        {
            "Parent ID": "t3_81wvhe",
            "Comment ID": "dv6sdoj",
            "Author": "longtimehodler",
            "Date Created": "03-04-2018 18:53:43",
            "Upvotes": 7,
            "Text": "12k on monday? Yes please",
            "Edited?": false,
            "Is Submitter?": false,
            "Stickied?": false
        }
    ],
    "dv6sg4n": [
        {
            "Parent ID": "t3_81wvhe",
            "Comment ID": "dv6sg4n",
            "Author": "echko39",
            "Date Created": "03-04-2018 18:55:06",
            "Upvotes": 7,
            "Text": "Choo choo, get in line now or never...",
            "Edited?": false,
            "Is Submitter?": false,
            "Stickied?": false
        }
    ],
    "dv7aj5o": [
        {
            "Parent ID": "t3_81wvhe",
            "Comment ID": "dv7aj5o",
            "Author": "somewhat_irrelevant",
            "Date Created": "03-05-2018 01:36:16",
            "Upvotes": 5,
            "Text": "How come the volume is the lowest I've seen since November on GDAX?",
            "Edited?": false,
            "Is Submitter?": false,
            "Stickied?": false
        }
    ],
    "dv66j9q": [
        {
            "Parent ID": "t3_81wvhe",
            "Comment ID": "dv66j9q",
            "Author": "thomaso1233",
            "Date Created": "03-04-2018 12:02:12",
            "Upvotes": 7,
            "Text": "Important to hold the 11k or even 11.1k today on sunday. The next week 11.5k would be the goal if no FUD happens. lets go, i would also appreciate it if the altcoins would benefit from bitcoin good runs ;) ",
            "Edited?": false,
            "Is Submitter?": false,
            "Stickied?": false
        }
    ],
    "dv73i1m": [
        {
            "Parent ID": "t3_81wvhe",
            "Comment ID": "dv73i1m",
            "Author": "The-Physicist",
            "Date Created": "03-04-2018 22:43:25",
            "Upvotes": 5,
            "Text": "Well I just fomo\u2019d in  we\u2019ll see what happens ",
            "Edited?": false,
            "Is Submitter?": false,
            "Stickied?": false
        }
    ],
    "dv5s9pw": [
        {
            "Parent ID": "t3_81wvhe",
            "Comment ID": "dv5s9pw",
            "Author": "[deleted]",
            "Date Created": "03-04-2018 05:02:23",
            "Upvotes": 4,
            "Text": "[deleted]",
            "Edited?": false,
            "Is Submitter?": false,
            "Stickied?": false
        }
    ],
    "dv67cag": [
        {
            "Parent ID": "t3_81wvhe",
            "Comment ID": "dv67cag",
            "Author": "[deleted]",
            "Date Created": "03-04-2018 12:17:25",
            "Upvotes": 4,
            "Text": "In my anecdotal experience, Sunday afternoons/evenings (US timezones) are known for being bullish. I think many participants use the day for weekly buys or to get in before the beginning of the week.\n\nWouldn't be surprised to see 11,6 in 4-8 hours.",
            "Edited?": false,
            "Is Submitter?": false,
            "Stickied?": false
        }
    ],
    "dv6rcli": [
        {
            "Parent ID": "t3_81wvhe",
            "Comment ID": "dv6rcli",
            "Author": "thedramirezx",
            "Date Created": "03-04-2018 18:33:49",
            "Upvotes": 5,
            "Text": "Here we go bitches....",
            "Edited?": false,
            "Is Submitter?": false,
            "Stickied?": false
        }
    ],
    "dv6s3uf": [
        {
            "Parent ID": "t3_81wvhe",
            "Comment ID": "dv6s3uf",
            "Author": "_pillan_",
            "Date Created": "03-04-2018 18:48:20",
            "Upvotes": 4,
            "Text": "what if bitcoin going to 12k is because of the currency wars?",
            "Edited?": false,
            "Is Submitter?": false,
            "Stickied?": false
        }
    ],
    "dv6jm9t": [
        {
            "Parent ID": "t3_81wvhe",
            "Comment ID": "dv6jm9t",
            "Author": "dAb74",
            "Date Created": "03-04-2018 16:09:18",
            "Upvotes": 7,
            "Text": "I'm so eager to see that 11.5 wall destroyed that everytime we go down $10 I die a little bit inside.",
            "Edited?": false,
            "Is Submitter?": false,
            "Stickied?": false
        }
    ],
    "dv64qmd": [
        {
            "Parent ID": "t3_81wvhe",
            "Comment ID": "dv64qmd",
            "Author": "lavazzalove",
            "Date Created": "03-04-2018 11:27:00",
            "Upvotes": 3,
            "Text": "Strap in boys, someone is buying big today.",
            "Edited?": false,
            "Is Submitter?": false,
            "Stickied?": false
        }
    ],
    "dv6cu5l": [
        {
            "Parent ID": "t3_81wvhe",
            "Comment ID": "dv6cu5l",
            "Author": "Bagelest",
            "Date Created": "03-04-2018 14:00:33",
            "Upvotes": 5,
            "Text": "I\u2019ve noticed that slow days on the BTC daily often mean something big is brewing.",
            "Edited?": false,
            "Is Submitter?": false,
            "Stickied?": false
        }
    ],
    "dv5wa2r": [
        {
            "Parent ID": "t3_81wvhe",
            "Comment ID": "dv5wa2r",
            "Author": "James_Brayshaw_",
            "Date Created": "03-04-2018 07:54:58",
            "Upvotes": 7,
            "Text": "https://imgur.com/a/yi8fE \n\nLOL",
            "Edited?": false,
            "Is Submitter?": false,
            "Stickied?": false
        }
    ],
    "dv5tuu5": [
        {
            "Parent ID": "t3_81wvhe",
            "Comment ID": "dv5tuu5",
            "Author": "Proteus_Core",
            "Date Created": "03-04-2018 06:15:52",
            "Upvotes": 5,
            "Text": "Is anyone else concerned about the low trade volume?",
            "Edited?": false,
            "Is Submitter?": false,
            "Stickied?": false
        }
    ],
    "dv65aoi": [
        {
            "Parent ID": "t3_81wvhe",
            "Comment ID": "dv65aoi",
            "Author": "BichDontKillMyHigh",
            "Date Created": "03-04-2018 11:38:04",
            "Upvotes": 4,
            "Text": "Good day to buy first \u00a3100?",
            "Edited?": false,
            "Is Submitter?": false,
            "Stickied?": false
        }
    ],
    "dv6bkef": [
        {
            "Parent ID": "t3_81wvhe",
            "Comment ID": "dv6bkef",
            "Author": "Krayziepop99",
            "Date Created": "03-04-2018 13:36:49",
            "Upvotes": 5,
            "Text": "Well something (bots) or somebody (whales?) just gave BTC a nice shot in the arse. Looks good after the flatline that has been this last couple days. *grabs moon boots justincase* ",
            "Edited?": false,
            "Is Submitter?": false,
            "Stickied?": false
        }
    ],
    "dv5u4k0": [
        {
            "Parent ID": "t3_81wvhe",
            "Comment ID": "dv5u4k0",
            "Author": "Phspock",
            "Date Created": "03-04-2018 06:28:02",
            "Upvotes": 2,
            "Text": "I think we should anticipate the normal Sunday dip when the US wakes up, and reason why we shouldn't?\n",
            "Edited?": false,
            "Is Submitter?": false,
            "Stickied?": false
        }
    ],
    "dv6493w": [
        {
            "Parent ID": "t3_81wvhe",
            "Comment ID": "dv6493w",
            "Author": "TattooDesignerr",
            "Date Created": "03-04-2018 11:17:15",
            "Upvotes": 2,
            "Text": "Hope btc goes up soon :)",
            "Edited?": false,
            "Is Submitter?": false,
            "Stickied?": false
        }
    ],
    "dv6vakg": [
        {
            "Parent ID": "t3_81wvhe",
            "Comment ID": "dv6vakg",
            "Author": "[deleted]",
            "Date Created": "03-04-2018 19:53:25",
            "Upvotes": 2,
            "Text": "Can I see transaction history of a wallet if all I have is a receiving address? Instructions appreciated",
            "Edited?": false,
            "Is Submitter?": false,
            "Stickied?": false
        }
    ],
    "dv6xxvj": [
        {
            "Parent ID": "t3_81wvhe",
            "Comment ID": "dv6xxvj",
            "Author": "bbrout",
            "Date Created": "03-04-2018 20:48:46",
            "Upvotes": 2,
            "Text": "I think the DOW is going to tank tomorrow.",
            "Edited?": false,
            "Is Submitter?": false,
            "Stickied?": false
        }
    ],
    "dv74ekg": [
        {
            "Parent ID": "t3_81wvhe",
            "Comment ID": "dv74ekg",
            "Author": "TJ11240",
            "Date Created": "03-04-2018 23:01:43",
            "Upvotes": 5,
            "Text": "Who got burned predicting a Sunday dip?",
            "Edited?": false,
            "Is Submitter?": false,
            "Stickied?": false
        }
    ],
    "dv6i6la": [
        {
            "Parent ID": "t3_81wvhe",
            "Comment ID": "dv6i6la",
            "Author": "Daximoose",
            "Date Created": "03-04-2018 15:42:26",
            "Upvotes": 2,
            "Text": "Japan wakes up soon. ill wait for them before i buy in again",
            "Edited?": false,
            "Is Submitter?": false,
            "Stickied?": false
        }
    ],
    "dv6j7y0": [
        {
            "Parent ID": "t3_81wvhe",
            "Comment ID": "dv6j7y0",
            "Author": "Fuhdawin",
            "Date Created": "03-04-2018 16:01:57",
            "Upvotes": 4,
            "Text": "Is it possible to purchase Bitcoin using Robinhood now? ",
            "Edited?": false,
            "Is Submitter?": false,
            "Stickied?": false
        }
    ],
    "dv5v58h": [
        {
            "Parent ID": "t3_81wvhe",
            "Comment ID": "dv5v58h",
            "Author": "chuchab",
            "Date Created": "03-04-2018 07:11:41",
            "Upvotes": 1,
            "Text": "What happening is not usual , there is a surprise behind for sure.",
            "Edited?": false,
            "Is Submitter?": false,
            "Stickied?": false
        }
    ],
    "dv6sbhy": [
        {
            "Parent ID": "t3_81wvhe",
            "Comment ID": "dv6sbhy",
            "Author": "Mind43dom",
            "Date Created": "03-04-2018 18:52:31",
            "Upvotes": 3,
            "Text": "I\u2019m seeing a large amount of BTC buy orders now on BTC markets, not many sell orders seems some people are thinking there\u2019s another peak coming. \n",
            "Edited?": false,
            "Is Submitter?": false,
            "Stickied?": false
        }
    ],
    "dv60ynr": [
        {
            "Parent ID": "t3_81wvhe",
            "Comment ID": "dv60ynr",
            "Author": "Daximoose",
            "Date Created": "03-04-2018 10:07:48",
            "Upvotes": 1,
            "Text": "that 300 sell wall is a fake",
            "Edited?": false,
            "Is Submitter?": false,
            "Stickied?": false
        }
    ],
    "dv6qf52": [
        {
            "Parent ID": "t3_81wvhe",
            "Comment ID": "dv6qf52",
            "Author": "_pillan_",
            "Date Created": "03-04-2018 18:16:04",
            "Upvotes": 1,
            "Text": "damn bots",
            "Edited?": false,
            "Is Submitter?": false,
            "Stickied?": false
        }
    ],
    "dv75c5c": [
        {
            "Parent ID": "t3_81wvhe",
            "Comment ID": "dv75c5c",
            "Author": "cryptodelia",
            "Date Created": "03-04-2018 23:21:13",
            "Upvotes": 1,
            "Text": "On one hand I think following this massive BTC run we are about to see a game of \u201ccatch up\u201d in the prominent alts. This type of cat and mouse seems fairly typical. However I\u2019m usually wrong so probably better to say \u201cthe sky is falling\u201d.",
            "Edited?": false,
            "Is Submitter?": false,
            "Stickied?": false
        }
    ],
    "dv7ltmv": [
        {
            "Parent ID": "t3_81wvhe",
            "Comment ID": "dv7ltmv",
            "Author": "Crypto_Mania_Guru",
            "Date Created": "03-05-2018 08:33:13",
            "Upvotes": 1,
            "Text": "BTC successfully able to create H&S chart pattern neckline..Now BTC will rise up to 16500$.This is extremely good for long time,seems bubble fear will gone..new money will come :)\n\nAll Hail King BTC",
            "Edited?": false,
            "Is Submitter?": false,
            "Stickied?": false
        }
    ],
    "dv73xlv": [
        {
            "Parent ID": "t3_81wvhe",
            "Comment ID": "dv73xlv",
            "Author": "AbleLeg",
            "Date Created": "03-04-2018 22:52:19",
            "Upvotes": 1,
            "Text": "It's been a month since the $6k crash and we have still not recovered to the pre-crash level (28/28 Jan - $11.8k)?\n\nAny of you got any good guess/theory on this?  Would appreciate an intelligent opinion.",
            "Edited?": false,
            "Is Submitter?": false,
            "Stickied?": false
        }
    ],
    "dv6cuwm": [
        {
            "Parent ID": "t3_81wvhe",
            "Comment ID": "dv6cuwm",
            "Author": "DorijanJ",
            "Date Created": "03-04-2018 14:00:58",
            "Upvotes": 1,
            "Text": "This will be interesting, on Bitstamp there is a sell wall@11400 with 159BTC",
            "Edited?": false,
            "Is Submitter?": false,
            "Stickied?": false
        }
    ],
    "dv760yx": [
        {
            "Parent ID": "t3_81wvhe",
            "Comment ID": "dv760yx",
            "Author": "stewfoo412",
            "Date Created": "03-04-2018 23:36:51",
            "Upvotes": 1,
            "Text": "Just saw some monster bitcoin sell limits thrown up on binance. $11,599 seems like the number to beat. ",
            "Edited?": false,
            "Is Submitter?": false,
            "Stickied?": false
        }
    ],
    "dv6d3za": [
        {
            "Parent ID": "t3_81wvhe",
            "Comment ID": "dv6d3za",
            "Author": "Rapintas13",
            "Date Created": "03-04-2018 14:05:49",
            "Upvotes": -3,
            "Text": "12k till monday-15K till the end of march! Remember me;)",
            "Edited?": false,
            "Is Submitter?": false,
            "Stickied?": false
        }
    ],
    "dv7800n": [
        {
            "Parent ID": "t3_81wvhe",
            "Comment ID": "dv7800n",
            "Author": "[deleted]",
            "Date Created": "03-05-2018 00:24:21",
            "Upvotes": -1,
            "Text": "[deleted]",
            "Edited?": "03-05-2018 00:27:25",
            "Is Submitter?": false,
            "Stickied?": false
        }
    ],
    "dv7egdp": [
        {
            "Parent ID": "t3_81wvhe",
            "Comment ID": "dv7egdp",
            "Author": "[deleted]",
            "Date Created": "03-05-2018 03:59:54",
            "Upvotes": -1,
            "Text": "[removed]",
            "Edited?": false,
            "Is Submitter?": false,
            "Stickied?": false
        }
    ],
    "dv76twc": [
        {
            "Parent ID": "t3_81wvhe",
            "Comment ID": "dv76twc",
            "Author": "rohitsk",
            "Date Created": "03-04-2018 23:55:31",
            "Upvotes": -1,
            "Text": "Cashing out at 12k a good option? ",
            "Edited?": false,
            "Is Submitter?": false,
            "Stickied?": false
        }
    ],
    "dv7101x": [
        {
            "Parent ID": "t1_dv70qev",
            "Comment ID": "dv7101x",
            "Author": "lavazzalove",
            "Date Created": "03-04-2018 21:52:08",
            "Upvotes": 6,
            "Text": "Matter of minutes now. It's over $11,500 on other exchanges already.",
            "Edited?": false,
            "Is Submitter?": false,
            "Stickied?": false
        }
    ],
    "dv6bukw": [
        {
            "Parent ID": "t1_dv6bo35",
            "Comment ID": "dv6bukw",
            "Author": "dAb74",
            "Date Created": "03-04-2018 13:42:05",
            "Upvotes": 5,
            "Text": "\\*grabs popcorn\\*",
            "Edited?": false,
            "Is Submitter?": false,
            "Stickied?": false
        }
    ],
    "dv74jps": [
        {
            "Parent ID": "t1_dv74hkk",
            "Comment ID": "dv74jps",
            "Author": "The-Physicist",
            "Date Created": "03-04-2018 23:04:42",
            "Upvotes": 1,
            "Text": "It better now that I bought more!!!",
            "Edited?": false,
            "Is Submitter?": false,
            "Stickied?": false
        }
    ],
    "dv75ck2": [
        {
            "Parent ID": "t1_dv74hkk",
            "Comment ID": "dv75ck2",
            "Author": "_pillan_",
            "Date Created": "03-04-2018 23:21:28",
            "Upvotes": 0,
            "Text": "not yet please, cheap bitcoin and still no money :(",
            "Edited?": false,
            "Is Submitter?": false,
            "Stickied?": false
        }
    ],
    "dv6tt6z": [
        {
            "Parent ID": "t1_dv6sdoj",
            "Comment ID": "dv6tt6z",
            "Author": "_pillan_",
            "Date Created": "03-04-2018 19:22:47",
            "Upvotes": 5,
            "Text": "wait for the dow jones tomorrow-",
            "Edited?": false,
            "Is Submitter?": false,
            "Stickied?": false
        }
    ],
    "dv74edr": [
        {
            "Parent ID": "t1_dv6sdoj",
            "Comment ID": "dv74edr",
            "Author": "AbleLeg",
            "Date Created": "03-04-2018 23:01:36",
            "Upvotes": 2,
            "Text": "If it does, it's more significant that you think.  It means that BTC has recovered above it's pre-6k crash (which it has not so far).",
            "Edited?": false,
            "Is Submitter?": false,
            "Stickied?": false
        }
    ],
    "dv6t0a3": [
        {
            "Parent ID": "t1_dv6sg4n",
            "Comment ID": "dv6t0a3",
            "Author": "The-Physicist",
            "Date Created": "03-04-2018 19:06:20",
            "Upvotes": 8,
            "Text": "I\u2019m tempted to buy more but as soon as I do it usually plummets.  I\u2019ve been holding out for a while but no dip. Strange. I think it\u2019s waiting for me to hit buy. So If I don\u2019t maybe it will just keep going up. ",
            "Edited?": false,
            "Is Submitter?": false,
            "Stickied?": false
        }
    ],
    "dv7b7yl": [
        {
            "Parent ID": "t1_dv7aj5o",
            "Comment ID": "dv7b7yl",
            "Author": "zerlingrush",
            "Date Created": "03-05-2018 01:58:39",
            "Upvotes": 4,
            "Text": "Waiting for the car crash to happen",
            "Edited?": false,
            "Is Submitter?": false,
            "Stickied?": false
        }
    ],
    "dv7ccky": [
        {
            "Parent ID": "t1_dv7aj5o",
            "Comment ID": "dv7ccky",
            "Author": "SocialCrasher",
            "Date Created": "03-05-2018 02:37:11",
            "Upvotes": 1,
            "Text": "Seriously... I see many people still thinking bitcoin will drop to 5k so they can buy the cheap, I'm sorry but that opportunity is gone, just like if you buy 1 btc and dream of getting a lambo, we passed both phases already. Look forward, not backwards!",
            "Edited?": false,
            "Is Submitter?": false,
            "Stickied?": false
        }
    ],
    "dv7bjot": [
        {
            "Parent ID": "t1_dv7aj5o",
            "Comment ID": "dv7bjot",
            "Author": "deader2000",
            "Date Created": "03-05-2018 02:09:36",
            "Upvotes": 0,
            "Text": "Irrelevant",
            "Edited?": false,
            "Is Submitter?": false,
            "Stickied?": false
        }
    ],
    "dv756u7": [
        {
            "Parent ID": "t1_dv73i1m",
            "Comment ID": "dv756u7",
            "Author": "cryptodelia",
            "Date Created": "03-04-2018 23:18:06",
            "Upvotes": 5,
            "Text": "It\u2019s truly unnerving, isn\u2019t it? And now the volume is lower than we\u2019ve had in weeks. Not sure what to make of this. ",
            "Edited?": false,
            "Is Submitter?": false,
            "Stickied?": false
        }
    ],
    "dv5scup": [
        {
            "Parent ID": "t1_dv5s9pw",
            "Comment ID": "dv5scup",
            "Author": "BitcoinAlways",
            "Date Created": "03-04-2018 05:06:19",
            "Upvotes": 7,
            "Text": "Hopefully we can get past $11.5 today...would be great to slowly get past $12k this week. ",
            "Edited?": false,
            "Is Submitter?": false,
            "Stickied?": false
        }
    ],
    "dv5xzw1": [
        {
            "Parent ID": "t1_dv5s9pw",
            "Comment ID": "dv5xzw1",
            "Author": "[deleted]",
            "Date Created": "03-04-2018 08:50:35",
            "Upvotes": 3,
            "Text": "$12247,35",
            "Edited?": false,
            "Is Submitter?": false,
            "Stickied?": false
        }
    ],
    "dv5u8lh": [
        {
            "Parent ID": "t1_dv5s9pw",
            "Comment ID": "dv5u8lh",
            "Author": "Z0ey",
            "Date Created": "03-04-2018 06:33:04",
            "Upvotes": 4,
            "Text": "3 bux. No 12k. Somewhere in between these values or outside. ",
            "Edited?": false,
            "Is Submitter?": false,
            "Stickied?": false
        }
    ],
    "dv68wyx": [
        {
            "Parent ID": "t1_dv5s9pw",
            "Comment ID": "dv68wyx",
            "Author": "Bagelest",
            "Date Created": "03-04-2018 12:47:12",
            "Upvotes": 1,
            "Text": "Volatile but sideways.",
            "Edited?": false,
            "Is Submitter?": false,
            "Stickied?": false
        }
    ],
    "dv63aog": [
        {
            "Parent ID": "t1_dv5s9pw",
            "Comment ID": "dv63aog",
            "Author": "HighInLowOut",
            "Date Created": "03-04-2018 10:57:30",
            "Upvotes": 2,
            "Text": "back to < 10k\n\nedit:\nhaha, already caught 1 downvote... obviously, downvoting my guestimation will prove it wrong, so come on guys, we need more downvotes here to make sure the price holds! :D\n",
            "Edited?": "03-04-2018 11:13:16",
            "Is Submitter?": false,
            "Stickied?": false
        }
    ],
    "dv75tvi": [
        {
            "Parent ID": "t1_dv67cag",
            "Comment ID": "dv75tvi",
            "Author": "N0tMyRealAcct",
            "Date Created": "03-04-2018 23:32:12",
            "Upvotes": 1,
            "Text": "That\u2019s Monday morning in Korea and Japan.",
            "Edited?": false,
            "Is Submitter?": false,
            "Stickied?": false
        }
    ],
    "dv6ktow": [
        {
            "Parent ID": "t1_dv6jm9t",
            "Comment ID": "dv6ktow",
            "Author": "Danny_Lunchbox",
            "Date Created": "03-04-2018 16:31:48",
            "Upvotes": 3,
            "Text": "I throw up in my mouth a little bit",
            "Edited?": false,
            "Is Submitter?": false,
            "Stickied?": false
        }
    ],
    "dv6qn59": [
        {
            "Parent ID": "t1_dv6jm9t",
            "Comment ID": "dv6qn59",
            "Author": "[deleted]",
            "Date Created": "03-04-2018 18:20:14",
            "Upvotes": -1,
            "Text": "[Fortunately, we can revisit it all in the Nov 28 10k thread](https://www.reddit.com/r/Bitcoin/comments/7g4cep/10k_price_thread_november_28_2017/?utm_content=title&utm_medium=front&utm_source=reddit&utm_name=Bitcoin)\n\nEdit: Seriously guys? Downvotes? I thought it was cool to see how similar the questions in that thread are to the questions in this thread.",
            "Edited?": "03-05-2018 04:27:44",
            "Is Submitter?": false,
            "Stickied?": false
        }
    ],
    "dv65u1w": [
        {
            "Parent ID": "t1_dv64qmd",
            "Comment ID": "dv65u1w",
            "Author": "Scarletfire13",
            "Date Created": "03-04-2018 11:48:40",
            "Upvotes": 5,
            "Text": "Strap on* (for those of you who had to eat their own dicks for losing price speculation bets)",
            "Edited?": "03-04-2018 11:55:32",
            "Is Submitter?": false,
            "Stickied?": false
        }
    ],
    "dv6g1hu": [
        {
            "Parent ID": "t1_dv6cu5l",
            "Comment ID": "dv6g1hu",
            "Author": "stormhaven8472",
            "Date Created": "03-04-2018 15:02:11",
            "Upvotes": 2,
            "Text": "... somethings brewing this way comes...",
            "Edited?": false,
            "Is Submitter?": false,
            "Stickied?": false
        }
    ],
    "dv6zfg1": [
        {
            "Parent ID": "t1_dv5wa2r",
            "Comment ID": "dv6zfg1",
            "Author": "mylhowse",
            "Date Created": "03-04-2018 21:19:56",
            "Upvotes": 1,
            "Text": "FYI it's fixed now.",
            "Edited?": false,
            "Is Submitter?": false,
            "Stickied?": false
        }
    ],
    "dv5wn0i": [
        {
            "Parent ID": "t1_dv5tuu5",
            "Comment ID": "dv5wn0i",
            "Author": "[deleted]",
            "Date Created": "03-04-2018 08:07:45",
            "Upvotes": 3,
            "Text": "Why? Its sunday and its over average? It's not low at all considering bitcoin normal trade volume... Why would you be concerned? \n\nOf course if you compare it to when when price moved by 15%+ per day, every day... \n\nHigh volatility increases volume short term,\n\nHigh Long term volume decreases volatility.\n\nWe are just out of the high volatility unnatural volume.",
            "Edited?": false,
            "Is Submitter?": false,
            "Stickied?": false
        }
    ],
    "dv6760a": [
        {
            "Parent ID": "t1_dv65aoi",
            "Comment ID": "dv6760a",
            "Author": "BitcoinAlways",
            "Date Created": "03-04-2018 12:14:08",
            "Upvotes": 6,
            "Text": "No reason not too.  Welcome to the show :)",
            "Edited?": false,
            "Is Submitter?": false,
            "Stickied?": false
        }
    ],
    "dv6966n": [
        {
            "Parent ID": "t1_dv65aoi",
            "Comment ID": "dv6966n",
            "Author": "Sci-Clops1",
            "Date Created": "03-04-2018 12:51:59",
            "Upvotes": 6,
            "Text": "If you're going to buy today, watch your order book close so you can jump in at a good time. But you'll probably have to wait a while to make any profit on \u00a3100. Still a lot of fun watching the price battles though - welcome aboard! ",
            "Edited?": false,
            "Is Submitter?": false,
            "Stickied?": false
        }
    ],
    "dv71np4": [
        {
            "Parent ID": "t1_dv65aoi",
            "Comment ID": "dv71np4",
            "Author": "Frogolocalypse",
            "Date Created": "03-04-2018 22:05:22",
            "Upvotes": 2,
            "Text": "Personally I'd wait until I saw a crow fly in front of the face of the moon, while the sun is setting on the third thursday of the month.",
            "Edited?": false,
            "Is Submitter?": false,
            "Stickied?": false
        }
    ],
    "dv5umj6": [
        {
            "Parent ID": "t1_dv5u4k0",
            "Comment ID": "dv5umj6",
            "Author": "BitcoinAlways",
            "Date Created": "03-04-2018 06:50:02",
            "Upvotes": 2,
            "Text": "Hopefully we get a Sunday morning/afternoon rise :) ",
            "Edited?": false,
            "Is Submitter?": false,
            "Stickied?": false
        }
    ],
    "dv77t0b": [
        {
            "Parent ID": "t1_dv6vakg",
            "Comment ID": "dv77t0b",
            "Author": "time_wasted504",
            "Date Created": "03-05-2018 00:19:19",
            "Upvotes": 1,
            "Text": "yes and no.\n\ngo here: https://www.smartbit.com.au/\n\nBut you can only input an address you know, not a wallet (which will contain multiple addresses) you can follow transactions and change addresses to put together an overall view of what MIGHT be a wallet that uses the one address you know.",
            "Edited?": false,
            "Is Submitter?": false,
            "Stickied?": false
        }
    ],
    "dv6ymgg": [
        {
            "Parent ID": "t1_dv6xxvj",
            "Comment ID": "dv6ymgg",
            "Author": "_pillan_",
            "Date Created": "03-04-2018 21:02:56",
            "Upvotes": 2,
            "Text": "because bitcoin is mooning.",
            "Edited?": false,
            "Is Submitter?": false,
            "Stickied?": false
        }
    ],
    "dv6zqh0": [
        {
            "Parent ID": "t1_dv6xxvj",
            "Comment ID": "dv6zqh0",
            "Author": "lavazzalove",
            "Date Created": "03-04-2018 21:26:21",
            "Upvotes": 2,
            "Text": "Looks like it will be down slightly http://thestockmarketwatch.com/markets/pre-market/today.aspx ",
            "Edited?": false,
            "Is Submitter?": false,
            "Stickied?": false
        }
    ],
    "dv6y6lo": [
        {
            "Parent ID": "t1_dv6xxvj",
            "Comment ID": "dv6y6lo",
            "Author": "Danny_Lunchbox",
            "Date Created": "03-04-2018 20:53:42",
            "Upvotes": 1,
            "Text": "Por que\u2019 ?",
            "Edited?": false,
            "Is Submitter?": false,
            "Stickied?": false
        }
    ],
    "dv741gx": [
        {
            "Parent ID": "t1_dv6xxvj",
            "Comment ID": "dv741gx",
            "Author": "AbleLeg",
            "Date Created": "03-04-2018 22:54:25",
            "Upvotes": 1,
            "Text": "I think so too although I really, really hope to be wrong.\n\nCan you guys do something about Trump like put a muzzle on him or something?",
            "Edited?": false,
            "Is Submitter?": false,
            "Stickied?": false
        }
    ],
    "dv74mpf": [
        {
            "Parent ID": "t1_dv74ekg",
            "Comment ID": "dv74mpf",
            "Author": "thedramirezx",
            "Date Created": "03-04-2018 23:06:24",
            "Upvotes": 3,
            "Text": "Nope. Got burned last week thinking it would dip. Not again I said. Not again.",
            "Edited?": false,
            "Is Submitter?": false,
            "Stickied?": false
        }
    ],
    "dv74xrv": [
        {
            "Parent ID": "t1_dv74ekg",
            "Comment ID": "dv74xrv",
            "Author": "_pillan_",
            "Date Created": "03-04-2018 23:12:48",
            "Upvotes": 1,
            "Text": "after the trump twitter about currency wars this week is gonna be intense, also looks the new twett-",
            "Edited?": false,
            "Is Submitter?": false,
            "Stickied?": false
        }
    ],
    "dv6mrsb": [
        {
            "Parent ID": "t1_dv6i6la",
            "Comment ID": "dv6mrsb",
            "Author": "BBA935",
            "Date Created": "03-04-2018 17:07:53",
            "Upvotes": 0,
            "Text": "Good morning from Japan. I just sold. This spike up isn\u2019t going to last. It\u2019s on a Sunday in the west and the EMA12 is about to cross the EMA26 on its way down. This almost always means a dip is coming. I\u2019ll buy back in once the dip settles and America has gone to bed. It should be s good week. Let\u2019s crack $12K!",
            "Edited?": false,
            "Is Submitter?": false,
            "Stickied?": false
        }
    ],
    "dv6sev6": [
        {
            "Parent ID": "t1_dv6j7y0",
            "Comment ID": "dv6sev6",
            "Author": "robetoad3000",
            "Date Created": "03-04-2018 18:54:22",
            "Upvotes": 5,
            "Text": "Just in 5 states for now I believe.",
            "Edited?": false,
            "Is Submitter?": false,
            "Stickied?": false
        }
    ],
    "dv72joz": [
        {
            "Parent ID": "t1_dv6j7y0",
            "Comment ID": "dv72joz",
            "Author": "[deleted]",
            "Date Created": "03-04-2018 22:23:46",
            "Upvotes": 1,
            "Text": "You don't actually buy any coins :( you are just buying into a fund that supposedly holds coins.",
            "Edited?": false,
            "Is Submitter?": false,
            "Stickied?": false
        }
    ],
    "dv5vfea": [
        {
            "Parent ID": "t1_dv5v58h",
            "Comment ID": "dv5vfea",
            "Author": "Phspock",
            "Date Created": "03-04-2018 07:22:53",
            "Upvotes": 4,
            "Text": "I think there may be...I would say 50/50 either up or down :)",
            "Edited?": false,
            "Is Submitter?": false,
            "Stickied?": false
        }
    ],
    "dv5y87u": [
        {
            "Parent ID": "t1_dv5v58h",
            "Comment ID": "dv5y87u",
            "Author": "cryptodelia",
            "Date Created": "03-04-2018 08:57:08",
            "Upvotes": 1,
            "Text": "Order book on GDAX looks... interesting.",
            "Edited?": false,
            "Is Submitter?": false,
            "Stickied?": false
        }
    ],
    "dv614qm": [
        {
            "Parent ID": "t1_dv60ynr",
            "Comment ID": "dv614qm",
            "Author": "cryptodelia",
            "Date Created": "03-04-2018 10:11:44",
            "Upvotes": 2,
            "Text": "you mean the 300 buy wall on gdax?",
            "Edited?": false,
            "Is Submitter?": false,
            "Stickied?": false
        }
    ],
    "dv74802": [
        {
            "Parent ID": "t1_dv73xlv",
            "Comment ID": "dv74802",
            "Author": "The-Physicist",
            "Date Created": "03-04-2018 22:58:02",
            "Upvotes": 2,
            "Text": "At this rate it will be at 11.8k in hours ",
            "Edited?": false,
            "Is Submitter?": false,
            "Stickied?": false
        }
    ],
    "dv6da0z": [
        {
            "Parent ID": "t1_dv6cuwm",
            "Comment ID": "dv6da0z",
            "Author": "dAb74",
            "Date Created": "03-04-2018 14:08:58",
            "Upvotes": 3,
            "Text": "Oddly enough, no wall @11500 but there's one at 11511 with 100BTC.",
            "Edited?": false,
            "Is Submitter?": false,
            "Stickied?": false
        }
    ],
    "dv75fnx": [
        {
            "Parent ID": "t1_dv6cuwm",
            "Comment ID": "dv75fnx",
            "Author": "JezusBakersfield",
            "Date Created": "03-04-2018 23:23:27",
            "Upvotes": 2,
            "Text": "not anymore",
            "Edited?": false,
            "Is Submitter?": false,
            "Stickied?": false
        }
    ],
    "dv6gryk": [
        {
            "Parent ID": "t1_dv6cuwm",
            "Comment ID": "dv6gryk",
            "Author": "[deleted]",
            "Date Created": "03-04-2018 15:16:22",
            "Upvotes": 1,
            "Text": "Noob here, why when this cleared(looked like a few separate transactions) did it seem to have a positive effect on the price? Outside factors that are not not related? Not big enough of a wall to have an impact? Low volume on Bitstamp?",
            "Edited?": false,
            "Is Submitter?": false,
            "Stickied?": false
        }
    ],
    "dv6hf9a": [
        {
            "Parent ID": "t1_dv6cuwm",
            "Comment ID": "dv6hf9a",
            "Author": "DorijanJ",
            "Date Created": "03-04-2018 15:28:30",
            "Upvotes": 1,
            "Text": "Ok, and we have passed it :)",
            "Edited?": false,
            "Is Submitter?": false,
            "Stickied?": false
        }
    ],
    "dv6xn2z": [
        {
            "Parent ID": "t1_dv6cuwm",
            "Comment ID": "dv6xn2z",
            "Author": "WildlingViking",
            "Date Created": "03-04-2018 20:42:36",
            "Upvotes": 1,
            "Text": "Yeah u have a link to that? I\u2019ve wondered where everyone gets this fun e of info ",
            "Edited?": false,
            "Is Submitter?": false,
            "Stickied?": false
        }
    ],
    "dv7dqlo": [
        {
            "Parent ID": "t1_dv760yx",
            "Comment ID": "dv7dqlo",
            "Author": "CrypticallyDodge",
            "Date Created": "03-05-2018 03:30:10",
            "Upvotes": 1,
            "Text": "Everyone was saying the same thing about $11,500",
            "Edited?": false,
            "Is Submitter?": false,
            "Stickied?": false
        }
    ],
    "dv6dxvx": [
        {
            "Parent ID": "t1_dv6d3za",
            "Comment ID": "dv6dxvx",
            "Author": "LocoCarlito",
            "Date Created": "03-04-2018 14:21:44",
            "Upvotes": 19,
            "Text": "Jesus you people are annoying",
            "Edited?": false,
            "Is Submitter?": false,
            "Stickied?": false
        }
    ],
    "dv6dnxr": [
        {
            "Parent ID": "t1_dv6d3za",
            "Comment ID": "dv6dnxr",
            "Author": "dAb74",
            "Date Created": "03-04-2018 14:16:25",
            "Upvotes": 5,
            "Text": "If you're wrong I'll be sure as hell to remember you.",
            "Edited?": false,
            "Is Submitter?": false,
            "Stickied?": false
        }
    ],
    "dv8a1in": [
        {
            "Parent ID": "t1_dv7800n",
            "Comment ID": "dv8a1in",
            "Author": "jonny_ponny",
            "Date Created": "03-05-2018 15:27:35",
            "Upvotes": 1,
            "Text": "which feature film is this?",
            "Edited?": false,
            "Is Submitter?": false,
            "Stickied?": false
        }
    ],
    "dv7764z": [
        {
            "Parent ID": "t1_dv76twc",
            "Comment ID": "dv7764z",
            "Author": "stewfoo412",
            "Date Created": "03-05-2018 00:03:39",
            "Upvotes": 2,
            "Text": "If it hits 12k it could run up. I\u2019d wait, but I\u2019m no expert by any means. ",
            "Edited?": false,
            "Is Submitter?": false,
            "Stickied?": false
        }
    ],
    "dv778e4": [
        {
            "Parent ID": "t1_dv76twc",
            "Comment ID": "dv778e4",
            "Author": "AbleLeg",
            "Date Created": "03-05-2018 00:05:08",
            "Upvotes": 2,
            "Text": "Cross the bridge when we reach it.",
            "Edited?": false,
            "Is Submitter?": false,
            "Stickied?": false
        }
    ],
    "dv77fo4": [
        {
            "Parent ID": "t1_dv76twc",
            "Comment ID": "dv77fo4",
            "Author": "LifeAsWeKnewIt",
            "Date Created": "03-05-2018 00:10:07",
            "Upvotes": 2,
            "Text": "Who knows man ",
            "Edited?": false,
            "Is Submitter?": false,
            "Stickied?": false
        }
    ],
    "dv76vnh": [
        {
            "Parent ID": "t1_dv76twc",
            "Comment ID": "dv76vnh",
            "Author": "ClassyCoder",
            "Date Created": "03-04-2018 23:56:42",
            "Upvotes": 2,
            "Text": "Yeah the growth is sideways at the moment. It\u2019s not going up by much.",
            "Edited?": false,
            "Is Submitter?": false,
            "Stickied?": false
        }
    ],
    "dv770zv": [
        {
            "Parent ID": "t1_dv76twc",
            "Comment ID": "dv770zv",
            "Author": "I_am_a_hat",
            "Date Created": "03-05-2018 00:00:12",
            "Upvotes": 0,
            "Text": "Only if you want to risk losing you money when it goes back to 17,000 in a few months time. ",
            "Edited?": false,
            "Is Submitter?": false,
            "Stickied?": false
        }
    ],
    "dv72qkd": [
        {
            "Parent ID": "t1_dv7101x",
            "Comment ID": "dv72qkd",
            "Author": "[deleted]",
            "Date Created": "03-04-2018 22:27:44",
            "Upvotes": 6,
            "Text": "[deleted]",
            "Edited?": false,
            "Is Submitter?": false,
            "Stickied?": false
        }
    ],
    "dv6w4tl": [
        {
            "Parent ID": "t1_dv6tt6z",
            "Comment ID": "dv6w4tl",
            "Author": "[deleted]",
            "Date Created": "03-04-2018 20:11:07",
            "Upvotes": 2,
            "Text": "[deleted]",
            "Edited?": false,
            "Is Submitter?": false,
            "Stickied?": false
        }
    ],
    "dv6tfyq": [
        {
            "Parent ID": "t1_dv6t0a3",
            "Comment ID": "dv6tfyq",
            "Author": "echko39",
            "Date Created": "03-04-2018 19:15:19",
            "Upvotes": 5,
            "Text": "it's back to 115xx again...",
            "Edited?": false,
            "Is Submitter?": false,
            "Stickied?": false
        }
    ],
    "dv7di0b": [
        {
            "Parent ID": "t1_dv7b7yl",
            "Comment ID": "dv7di0b",
            "Author": "BBA935",
            "Date Created": "03-05-2018 03:20:36",
            "Upvotes": 1,
            "Text": "I don't know about a crash, but a dip is very real. We are stuck in bear flag right now since around 12pm JST. Today hasn't made a lot of sense, so who knows.",
            "Edited?": false,
            "Is Submitter?": false,
            "Stickied?": false
        }
    ],
    "dv7bqyp": [
        {
            "Parent ID": "t1_dv7b7yl",
            "Comment ID": "dv7bqyp",
            "Author": "Sijosha",
            "Date Created": "03-05-2018 02:16:33",
            "Upvotes": 0,
            "Text": "And hoping for the fomo to stay out",
            "Edited?": false,
            "Is Submitter?": false,
            "Stickied?": false
        }
    ],
    "dv7c7qk": [
        {
            "Parent ID": "t1_dv7b7yl",
            "Comment ID": "dv7c7qk",
            "Author": "Crypto_Mania_Guru",
            "Date Created": "03-05-2018 02:32:35",
            "Upvotes": 0,
            "Text": "keep dreaming...",
            "Edited?": false,
            "Is Submitter?": false,
            "Stickied?": false
        }
    ],
    "dv7eolz": [
        {
            "Parent ID": "t1_dv7ccky",
            "Comment ID": "dv7eolz",
            "Author": "rapgab",
            "Date Created": "03-05-2018 04:09:43",
            "Upvotes": 1,
            "Text": "To be honest when the tether bubble pops we probabaly see those lows again. ",
            "Edited?": false,
            "Is Submitter?": false,
            "Stickied?": false
        }
    ],
    "dv7fpm7": [
        {
            "Parent ID": "t1_dv7ccky",
            "Comment ID": "dv7fpm7",
            "Author": "[deleted]",
            "Date Created": "03-05-2018 04:54:38",
            "Upvotes": 1,
            "Text": "[deleted]",
            "Edited?": "03-16-2018 10:26:00",
            "Is Submitter?": false,
            "Stickied?": false
        }
    ],
    "dv5sg9g": [
        {
            "Parent ID": "t1_dv5scup",
            "Comment ID": "dv5sg9g",
            "Author": "[deleted]",
            "Date Created": "03-04-2018 05:10:35",
            "Upvotes": 3,
            "Text": "[deleted]",
            "Edited?": "06-14-2018 02:21:06",
            "Is Submitter?": false,
            "Stickied?": false
        }
    ],
    "dv6c32f": [
        {
            "Parent ID": "t1_dv5xzw1",
            "Comment ID": "dv6c32f",
            "Author": "jonny_ponny",
            "Date Created": "03-04-2018 13:46:26",
            "Upvotes": 1,
            "Text": "I think $12345",
            "Edited?": false,
            "Is Submitter?": false,
            "Stickied?": false
        }
    ],
    "dv62wds": [
        {
            "Parent ID": "t1_dv5u8lh",
            "Comment ID": "dv62wds",
            "Author": "sp0tify",
            "Date Created": "03-04-2018 10:49:28",
            "Upvotes": 5,
            "Text": "This person cryptos",
            "Edited?": false,
            "Is Submitter?": false,
            "Stickied?": false
        }
    ],
    "dv67hd7": [
        {
            "Parent ID": "t1_dv63aog",
            "Comment ID": "dv67hd7",
            "Author": "MikeLittorice",
            "Date Created": "03-04-2018 12:20:06",
            "Upvotes": 7,
            "Text": "I think people downvoting mostly just disagree with you. Personally I wouldn't do this because someone asked for your opinion and you gave it, so I'll upvote you although I disagree to compensate ;) ",
            "Edited?": false,
            "Is Submitter?": false,
            "Stickied?": false
        }
    ],
    "dv6rkeq": [
        {
            "Parent ID": "t1_dv6qn59",
            "Comment ID": "dv6rkeq",
            "Author": "dAb74",
            "Date Created": "03-04-2018 18:37:59",
            "Upvotes": 2,
            "Text": "So much hope in that thread.",
            "Edited?": false,
            "Is Submitter?": false,
            "Stickied?": false
        }
    ],
    "dv6bai7": [
        {
            "Parent ID": "t1_dv65u1w",
            "Comment ID": "dv6bai7",
            "Author": "lavazzalove",
            "Date Created": "03-04-2018 13:31:41",
            "Upvotes": 2,
            "Text": "The price has spiked last couple of Sundays around 1pm EST. No idea why, but today we're seeing the exact same movement...",
            "Edited?": false,
            "Is Submitter?": false,
            "Stickied?": false
        }
    ],
    "dv678n4": [
        {
            "Parent ID": "t1_dv6760a",
            "Comment ID": "dv678n4",
            "Author": "BichDontKillMyHigh",
            "Date Created": "03-04-2018 12:15:32",
            "Upvotes": 7,
            "Text": "Thank you kind sir! I'm excited to join",
            "Edited?": false,
            "Is Submitter?": false,
            "Stickied?": false
        }
    ],
    "dv7ha59": [
        {
            "Parent ID": "t1_dv71np4",
            "Comment ID": "dv7ha59",
            "Author": "BichDontKillMyHigh",
            "Date Created": "03-05-2018 06:04:17",
            "Upvotes": 2,
            "Text": "Well I saw that happen while a hippo fucked a cat in the foreground so I went for it, signs ey...",
            "Edited?": false,
            "Is Submitter?": false,
            "Stickied?": false
        }
    ],
    "dv61sqm": [
        {
            "Parent ID": "t1_dv5umj6",
            "Comment ID": "dv61sqm",
            "Author": "Scarletfire13",
            "Date Created": "03-04-2018 10:26:23",
            "Upvotes": 6,
            "Text": "Afternoon delight.",
            "Edited?": false,
            "Is Submitter?": false,
            "Stickied?": false
        }
    ],
    "dv5w0pt": [
        {
            "Parent ID": "t1_dv5umj6",
            "Comment ID": "dv5w0pt",
            "Author": "LootCoin",
            "Date Created": "03-04-2018 07:45:29",
            "Upvotes": 2,
            "Text": "I already got my sunday morning rise.\nHuehuehue ... ok, I'll show myself out.",
            "Edited?": false,
            "Is Submitter?": false,
            "Stickied?": false
        }
    ],
    "dv60e9b": [
        {
            "Parent ID": "t1_dv5umj6",
            "Comment ID": "dv60e9b",
            "Author": "Therippleaffect",
            "Date Created": "03-04-2018 09:54:19",
            "Upvotes": 1,
            "Text": "Yeah, It could start to rise soon as it hits Monday morning in other countries just likes it starts dipping Saturday afternoon in the States when it is Sunday elsewhere",
            "Edited?": false,
            "Is Submitter?": false,
            "Stickied?": false
        }
    ],
    "dv5vz6s": [
        {
            "Parent ID": "t1_dv5umj6",
            "Comment ID": "dv5vz6s",
            "Author": "NateTGreat20",
            "Date Created": "03-04-2018 07:43:55",
            "Upvotes": 0,
            "Text": "I always hope for a Sunday morning rise in my pants when I wake up. ",
            "Edited?": false,
            "Is Submitter?": false,
            "Stickied?": false
        }
    ],
    "dv6ytd0": [
        {
            "Parent ID": "t1_dv6ymgg",
            "Comment ID": "dv6ytd0",
            "Author": "bbrout",
            "Date Created": "03-04-2018 21:07:08",
            "Upvotes": 2,
            "Text": "If I'm right, we'll see the effect on BTC. Last time, it dragged bitcoin down with it. Sometimes they diverge. It's an interesting correlation. If it exists. ",
            "Edited?": false,
            "Is Submitter?": false,
            "Stickied?": false
        }
    ],
    "dv6zwwp": [
        {
            "Parent ID": "t1_dv6zqh0",
            "Comment ID": "dv6zwwp",
            "Author": "bbrout",
            "Date Created": "03-04-2018 21:30:08",
            "Upvotes": 3,
            "Text": "Slight downward signals. The trade war is an outlier and may be interpreted as FUD. Then again, maybe it'll be a sunny day in NY. ",
            "Edited?": false,
            "Is Submitter?": false,
            "Stickied?": false
        }
    ],
    "dv6y7aw": [
        {
            "Parent ID": "t1_dv6y6lo",
            "Comment ID": "dv6y7aw",
            "Author": "bbrout",
            "Date Created": "03-04-2018 20:54:07",
            "Upvotes": 2,
            "Text": "Trade war",
            "Edited?": false,
            "Is Submitter?": false,
            "Stickied?": false
        }
    ],
    "dv6of3p": [
        {
            "Parent ID": "t1_dv6mrsb",
            "Comment ID": "dv6of3p",
            "Author": "lavazzalove",
            "Date Created": "03-04-2018 17:38:46",
            "Upvotes": 1,
            "Text": "This is why we can't have nice things...",
            "Edited?": false,
            "Is Submitter?": false,
            "Stickied?": false
        }
    ],
    "dv6q2g6": [
        {
            "Parent ID": "t1_dv6mrsb",
            "Comment ID": "dv6q2g6",
            "Author": "_pillan_",
            "Date Created": "03-04-2018 18:09:30",
            "Upvotes": 1,
            "Text": "you bad people-",
            "Edited?": false,
            "Is Submitter?": false,
            "Stickied?": false
        }
    ],
    "dv7504z": [
        {
            "Parent ID": "t1_dv6mrsb",
            "Comment ID": "dv7504z",
            "Author": "JezusBakersfield",
            "Date Created": "03-04-2018 23:14:08",
            "Upvotes": 1,
            "Text": "nice job",
            "Edited?": false,
            "Is Submitter?": false,
            "Stickied?": false
        }
    ],
    "dv6y5rc": [
        {
            "Parent ID": "t1_dv6mrsb",
            "Comment ID": "dv6y5rc",
            "Author": "Drumma516",
            "Date Created": "03-04-2018 20:53:12",
            "Upvotes": 1,
            "Text": "This is the same guy from Friday\u2019s discussion who was shitting on people when they said they were expecting this weekend to be bullish. He\u2019s a idiot ",
            "Edited?": false,
            "Is Submitter?": false,
            "Stickied?": false
        }
    ],
    "dv6znb1": [
        {
            "Parent ID": "t1_dv6sev6",
            "Comment ID": "dv6znb1",
            "Author": "mylhowse",
            "Date Created": "03-04-2018 21:24:29",
            "Upvotes": 3,
            "Text": "It's kind of lame, too. You can buy & sell on the Robinhood app, but you can't transfer the coins to your own wallet. Robinhood performs the trades on external exchanges and tacks on a margin. \n\nI hope this isn't their long-term plan...",
            "Edited?": false,
            "Is Submitter?": false,
            "Stickied?": false
        }
    ],
    "dv632ab": [
        {
            "Parent ID": "t1_dv614qm",
            "Comment ID": "dv632ab",
            "Author": "Daximoose",
            "Date Created": "03-04-2018 10:52:49",
            "Upvotes": 3,
            "Text": "yeah buy sorry just woke up lol\n",
            "Edited?": false,
            "Is Submitter?": false,
            "Stickied?": false
        }
    ],
    "dv74i5p": [
        {
            "Parent ID": "t1_dv74802",
            "Comment ID": "dv74i5p",
            "Author": "AbleLeg",
            "Date Created": "03-04-2018 23:03:47",
            "Upvotes": 1,
            "Text": "It almost reached there on 20 Feb.  So it's really strange .... like some sort of artificial ceiling.",
            "Edited?": false,
            "Is Submitter?": false,
            "Stickied?": false
        }
    ],
    "dv6hh8j": [
        {
            "Parent ID": "t1_dv6gryk",
            "Comment ID": "dv6hh8j",
            "Author": "DorijanJ",
            "Date Created": "03-04-2018 15:29:32",
            "Upvotes": 2,
            "Text": "Well, it seems somebody wanted price to stay low, and when someone buy that wall, the other side is left without ammunition",
            "Edited?": false,
            "Is Submitter?": false,
            "Stickied?": false
        }
    ],
    "dv7gxeb": [
        {
            "Parent ID": "t1_dv7dqlo",
            "Comment ID": "dv7gxeb",
            "Author": "stewfoo412",
            "Date Created": "03-05-2018 05:48:47",
            "Upvotes": 1,
            "Text": "Alright. ",
            "Edited?": false,
            "Is Submitter?": false,
            "Stickied?": false
        }
    ],
    "dv6ek3p": [
        {
            "Parent ID": "t1_dv6dxvx",
            "Comment ID": "dv6ek3p",
            "Author": "CrypticallyDodge",
            "Date Created": "03-04-2018 14:33:42",
            "Upvotes": 3,
            "Text": "dont you know hes loco",
            "Edited?": false,
            "Is Submitter?": false,
            "Stickied?": false
        }
    ],
    "dv77cns": [
        {
            "Parent ID": "t1_dv770zv",
            "Comment ID": "dv77cns",
            "Author": "rohitsk",
            "Date Created": "03-05-2018 00:08:00",
            "Upvotes": 0,
            "Text": "Yea I doubt it'll go to 17k without dipping to 8k or 9k before.. ",
            "Edited?": false,
            "Is Submitter?": false,
            "Stickied?": false
        }
    ],
    "dv7ersk": [
        {
            "Parent ID": "t1_dv770zv",
            "Comment ID": "dv7ersk",
            "Author": "rapgab",
            "Date Created": "03-05-2018 04:13:29",
            "Upvotes": 1,
            "Text": "If he's cashing out he doesnt loose money. He realizes profits. Which is never a bad thing. ",
            "Edited?": false,
            "Is Submitter?": false,
            "Stickied?": false
        }
    ],
    "dv73bx4": [
        {
            "Parent ID": "t1_dv72qkd",
            "Comment ID": "dv73bx4",
            "Author": "lavazzalove",
            "Date Created": "03-04-2018 22:39:54",
            "Upvotes": 1,
            "Text": "It's gone now...",
            "Edited?": false,
            "Is Submitter?": false,
            "Stickied?": false
        }
    ],
    "dv6xq7c": [
        {
            "Parent ID": "t1_dv6w4tl",
            "Comment ID": "dv6xq7c",
            "Author": "_pillan_",
            "Date Created": "03-04-2018 20:44:24",
            "Upvotes": 3,
            "Text": "its gonna be goooood for bitcoin.",
            "Edited?": false,
            "Is Submitter?": false,
            "Stickied?": false
        }
    ],
    "dv6wmbt": [
        {
            "Parent ID": "t1_dv6w4tl",
            "Comment ID": "dv6wmbt",
            "Author": "[deleted]",
            "Date Created": "03-04-2018 20:21:30",
            "Upvotes": 1,
            "Text": "Blood. Everywhere. Coming out of their eyes, coming out of wherever. ",
            "Edited?": "03-04-2018 20:34:26",
            "Is Submitter?": false,
            "Stickied?": false
        }
    ],
    "dv8troo": [
        {
            "Parent ID": "t1_dv7di0b",
            "Comment ID": "dv8troo",
            "Author": "zerlingrush",
            "Date Created": "03-05-2018 20:54:03",
            "Upvotes": 1,
            "Text": "Called it or what",
            "Edited?": false,
            "Is Submitter?": false,
            "Stickied?": false
        }
    ],
    "dv7e2ee": [
        {
            "Parent ID": "t1_dv7di0b",
            "Comment ID": "dv7e2ee",
            "Author": "[deleted]",
            "Date Created": "03-05-2018 03:43:34",
            "Upvotes": -1,
            "Text": "[removed]",
            "Edited?": false,
            "Is Submitter?": false,
            "Stickied?": false
        }
    ],
    "dv8tp9e": [
        {
            "Parent ID": "t1_dv7c7qk",
            "Comment ID": "dv8tp9e",
            "Author": "zerlingrush",
            "Date Created": "03-05-2018 20:52:51",
            "Upvotes": 1,
            "Text": "Flipping noob enjoy your lost",
            "Edited?": false,
            "Is Submitter?": false,
            "Stickied?": false
        }
    ],
    "dv8u2wa": [
        {
            "Parent ID": "t1_dv7c7qk",
            "Comment ID": "dv8u2wa",
            "Author": "mikewirkijowski",
            "Date Created": "03-05-2018 20:59:32",
            "Upvotes": 1,
            "Text": "He dreamt hard enough to make it true",
            "Edited?": false,
            "Is Submitter?": false,
            "Stickied?": false
        }
    ],
    "dv89yod": [
        {
            "Parent ID": "t1_dv7fpm7",
            "Comment ID": "dv89yod",
            "Author": "jonny_ponny",
            "Date Created": "03-05-2018 15:26:22",
            "Upvotes": 1,
            "Text": "so evrytime it isnt ATHing its is downwardstrending? \n\nby using this logic in reverse it would be upwards trending as long as it isnt under $0.0001 ",
            "Edited?": false,
            "Is Submitter?": false,
            "Stickied?": false
        }
    ],
    "dv5xusu": [
        {
            "Parent ID": "t1_dv5sg9g",
            "Comment ID": "dv5xusu",
            "Author": "cryptodelia",
            "Date Created": "03-04-2018 08:46:33",
            "Upvotes": 2,
            "Text": "This is not \"slow\" by any definition.",
            "Edited?": false,
            "Is Submitter?": false,
            "Stickied?": false
        }
    ],
    "dv72u7l": [
        {
            "Parent ID": "t1_dv62wds",
            "Comment ID": "dv72u7l",
            "Author": "Z0ey",
            "Date Created": "03-04-2018 22:29:53",
            "Upvotes": 1,
            "Text": "At least I was accurate. ",
            "Edited?": false,
            "Is Submitter?": false,
            "Stickied?": false
        }
    ],
    "dv6nkdm": [
        {
            "Parent ID": "t1_dv67hd7",
            "Comment ID": "dv6nkdm",
            "Author": "HighInLowOut",
            "Date Created": "03-04-2018 17:22:49",
            "Upvotes": 2,
            "Text": "Currently at -3. Maybe they think I am trolling. Well I am not. I do think it will fall.",
            "Edited?": false,
            "Is Submitter?": false,
            "Stickied?": false
        }
    ],
    "dv7i0ul": [
        {
            "Parent ID": "t1_dv7ha59",
            "Comment ID": "dv7i0ul",
            "Author": "Frogolocalypse",
            "Date Created": "03-05-2018 06:34:58",
            "Upvotes": 2,
            "Text": "It's not thursday.  You're a liar.",
            "Edited?": false,
            "Is Submitter?": false,
            "Stickied?": false
        }
    ],
    "dv5wyff": [
        {
            "Parent ID": "t1_dv5w0pt",
            "Comment ID": "dv5wyff",
            "Author": "BitcoinAlways",
            "Date Created": "03-04-2018 08:18:38",
            "Upvotes": 2,
            "Text": "I was expecting such comments :) ",
            "Edited?": false,
            "Is Submitter?": false,
            "Stickied?": false
        }
    ],
    "dv5wyiq": [
        {
            "Parent ID": "t1_dv5vz6s",
            "Comment ID": "dv5wyiq",
            "Author": "BitcoinAlways",
            "Date Created": "03-04-2018 08:18:43",
            "Upvotes": 2,
            "Text": ":)",
            "Edited?": false,
            "Is Submitter?": false,
            "Stickied?": false
        }
    ],
    "dv747zi": [
        {
            "Parent ID": "t1_dv6ytd0",
            "Comment ID": "dv747zi",
            "Author": "AbleLeg",
            "Date Created": "03-04-2018 22:58:01",
            "Upvotes": 2,
            "Text": "Very different groups of investors so I doubt there's a correlation.  \n\nThe closest link is that both are fuelled by the same QE that started at end of last 07/08 crisis.",
            "Edited?": false,
            "Is Submitter?": false,
            "Stickied?": false
        }
    ],
    "dv6pozd": [
        {
            "Parent ID": "t1_dv6of3p",
            "Comment ID": "dv6pozd",
            "Author": "BBA935",
            "Date Created": "03-04-2018 18:02:26",
            "Upvotes": -1,
            "Text": "On top of all I mentioned before volume is low. All of this combined means it\u2019s going down sooner or later. The sooner the better though. This sideways movement is like waiting to be executed. ",
            "Edited?": false,
            "Is Submitter?": false,
            "Stickied?": false
        }
    ],
    "dv713ye": [
        {
            "Parent ID": "t1_dv632ab",
            "Comment ID": "dv713ye",
            "Author": "cryptodelia",
            "Date Created": "03-04-2018 21:54:19",
            "Upvotes": 1,
            "Text": "Glad I\u2019m not the only one that checks BTC as soon as I wake up.",
            "Edited?": false,
            "Is Submitter?": false,
            "Stickied?": false
        }
    ],
    "dv7bt7q": [
        {
            "Parent ID": "t1_dv74i5p",
            "Comment ID": "dv7bt7q",
            "Author": "Sijosha",
            "Date Created": "03-05-2018 02:18:41",
            "Upvotes": 1,
            "Text": "Yes you cab just see the wales beeing active at some point",
            "Edited?": false,
            "Is Submitter?": false,
            "Stickied?": false
        }
    ],
    "dv7akzw": [
        {
            "Parent ID": "t1_dv73bx4",
            "Comment ID": "dv7akzw",
            "Author": "DrStrangeWealth",
            "Date Created": "03-05-2018 01:37:52",
            "Upvotes": 1,
            "Text": "Beware the Ides of March. China decides what happens with CRYPTO on that day. Could be banned and the consumer protections agency may actually list all cyptos as a scam including BTC.",
            "Edited?": false,
            "Is Submitter?": false,
            "Stickied?": false
        }
    ],
    "dv74civ": [
        {
            "Parent ID": "t1_dv6xq7c",
            "Comment ID": "dv74civ",
            "Author": "AbleLeg",
            "Date Created": "03-04-2018 23:00:34",
            "Upvotes": 0,
            "Text": "Both are fuelled by low cost capital and both peaked at end of last year.  So be careful what you hope for.",
            "Edited?": false,
            "Is Submitter?": false,
            "Stickied?": false
        }
    ],
    "dv7esdn": [
        {
            "Parent ID": "t1_dv7e2ee",
            "Comment ID": "dv7esdn",
            "Author": "commensurable_kusan",
            "Date Created": "03-05-2018 04:14:09",
            "Upvotes": 1,
            "Text": "Cool. I didn't know Stolfi's grandson has a youtube channel.",
            "Edited?": false,
            "Is Submitter?": false,
            "Stickied?": false
        }
    ],
    "dv67ja3": [
        {
            "Parent ID": "t1_dv5xusu",
            "Comment ID": "dv67ja3",
            "Author": "MikeLittorice",
            "Date Created": "03-04-2018 12:21:07",
            "Upvotes": 5,
            "Text": "It's slow compared to last years rise. ",
            "Edited?": false,
            "Is Submitter?": false,
            "Stickied?": false
        }
    ],
    "dv74epu": [
        {
            "Parent ID": "t1_dv5xusu",
            "Comment ID": "dv74epu",
            "Author": "benjamminson",
            "Date Created": "03-04-2018 23:01:48",
            "Upvotes": 1,
            "Text": "Healthier looking chart than last rise through this area",
            "Edited?": false,
            "Is Submitter?": false,
            "Stickied?": false
        }
    ],
    "dv7ir43": [
        {
            "Parent ID": "t1_dv7i0ul",
            "Comment ID": "dv7ir43",
            "Author": "BichDontKillMyHigh",
            "Date Created": "03-05-2018 07:01:56",
            "Upvotes": 2,
            "Text": "#IVELOSTMYLIFESAVINGS",
            "Edited?": false,
            "Is Submitter?": false,
            "Stickied?": false
        }
    ],
    "dv74jgd": [
        {
            "Parent ID": "t1_dv747zi",
            "Comment ID": "dv74jgd",
            "Author": "bbrout",
            "Date Created": "03-04-2018 23:04:32",
            "Upvotes": 1,
            "Text": "Agreed. QE makes it real interesting. It should eventually hurt the dollar. BTC is a good candidate for a global reserve currency as an alternative and may well save the dollar in the end. ",
            "Edited?": false,
            "Is Submitter?": false,
            "Stickied?": false
        }
    ],
    "dv6u8wb": [
        {
            "Parent ID": "t1_dv6pozd",
            "Comment ID": "dv6u8wb",
            "Author": "DeadDillers",
            "Date Created": "03-04-2018 19:31:42",
            "Upvotes": 1,
            "Text": "Which time interval chart are you referring to with the EMA lines? 1h? 6h?",
            "Edited?": false,
            "Is Submitter?": false,
            "Stickied?": false
        }
    ],
    "dv74e5o": [
        {
            "Parent ID": "t1_dv6pozd",
            "Comment ID": "dv74e5o",
            "Author": "BRUNOandLOCKY",
            "Date Created": "03-04-2018 23:01:29",
            "Upvotes": 1,
            "Text": "There was a post on main page explaining why volume looks low when actually it isn't...",
            "Edited?": false,
            "Is Submitter?": false,
            "Stickied?": false
        }
    ],
    "dv7j3na": [
        {
            "Parent ID": "t1_dv7ir43",
            "Comment ID": "dv7j3na",
            "Author": "Frogolocalypse",
            "Date Created": "03-05-2018 07:13:47",
            "Upvotes": 1,
            "Text": "noob.",
            "Edited?": false,
            "Is Submitter?": false,
            "Stickied?": false
        }
    ],
    "dv763o5": [
        {
            "Parent ID": "t1_dv74jgd",
            "Comment ID": "dv763o5",
            "Author": "AbleLeg",
            "Date Created": "03-04-2018 23:38:34",
            "Upvotes": 1,
            "Text": "Too volatile.",
            "Edited?": false,
            "Is Submitter?": false,
            "Stickied?": false
        }
    ],
    "dv7h5o4": [
        {
            "Parent ID": "t1_dv74e5o",
            "Comment ID": "dv7h5o4",
            "Author": "BBA935",
            "Date Created": "03-05-2018 05:58:48",
            "Upvotes": 1,
            "Text": "That article doesn\u2019t show any proof of this being the case. If it was you would sill see the same kind of price movement which isn\u2019t the case. Things are really slow. ",
            "Edited?": false,
            "Is Submitter?": false,
            "Stickied?": false
        }
    ],
    "dv74ge9": [
        {
            "Parent ID": "t1_dv74e5o",
            "Comment ID": "dv74ge9",
            "Author": "BRUNOandLOCKY",
            "Date Created": "03-04-2018 23:02:46",
            "Upvotes": 1,
            "Text": "Batching...",
            "Edited?": false,
            "Is Submitter?": false,
            "Stickied?": false
        }
    ],
    "dv76cqr": [
        {
            "Parent ID": "t1_dv763o5",
            "Comment ID": "dv76cqr",
            "Author": "bbrout",
            "Date Created": "03-04-2018 23:44:31",
            "Upvotes": 1,
            "Text": "Not if people start using it for international trade settlements. ",
            "Edited?": false,
            "Is Submitter?": false,
            "Stickied?": false
        }
    ],
    "dv88axo": [
        {
            "Parent ID": "t1_dv7h5o4",
            "Comment ID": "dv88axo",
            "Author": "BRUNOandLOCKY",
            "Date Created": "03-05-2018 15:01:06",
            "Upvotes": 1,
            "Text": "Fair enough. Price seems to be looking good though \ud83d\ude0a",
            "Edited?": false,
            "Is Submitter?": false,
            "Stickied?": false
        }
    ],
    "dv776gy": [
        {
            "Parent ID": "t1_dv76cqr",
            "Comment ID": "dv776gy",
            "Author": "AbleLeg",
            "Date Created": "03-05-2018 00:03:53",
            "Upvotes": 2,
            "Text": "That's 'cart before the horse' argument.  \n\nIt needs to be stable first, regulated to reduce manipulation and accepted as legal tender in countries that are trading across borders.\n\nIn other words, the chance of it happening is close to Zero.",
            "Edited?": false,
            "Is Submitter?": false,
            "Stickied?": false
        }
    ],
    "dv8c1ln": [
        {
            "Parent ID": "t1_dv776gy",
            "Comment ID": "dv8c1ln",
            "Author": "bbrout",
            "Date Created": "03-05-2018 15:57:33",
            "Upvotes": 1,
            "Text": "No argument here. However you can wait 6 months for payment or 10 minutes. There are already significant international payments being made in Bitcoin. Not many, but some. The market cap needs to be about 10 times bigger. Not that volatile lately. Not over 10 minutes. ",
            "Edited?": false,
            "Is Submitter?": false,
            "Stickied?": false
        }
    ]
}