{
    "eh0xi8h": [
        {
            "Parent ID": "t3_ateejs",
            "Comment ID": "eh0xi8h",
            "Author": "koh_kun",
            "Date Created": "02-22-2019 07:36:08",
            "Upvotes": 18,
            "Text": "Today, for the first time, I tried to convince a client to pay me by Bitcoin by offering a 10% discount and she seemed genuinely interested! I thought I'd let you guys know how happy I am!\n\nI've been paid in Bitcoin before but only because the client offered.",
            "Edited?": false,
            "Is Submitter?": false,
            "Stickied?": false
        }
    ],
    "eh16d4q": [
        {
            "Parent ID": "t3_ateejs",
            "Comment ID": "eh16d4q",
            "Author": "QingHouFeng",
            "Date Created": "02-22-2019 09:52:11",
            "Upvotes": 11,
            "Text": "Funny people still wait to buy BTC until back at 6k. Stupid pleb don\u2019t see max financial opportunity past 4 months",
            "Edited?": false,
            "Is Submitter?": false,
            "Stickied?": false
        }
    ],
    "eh16eyz": [
        {
            "Parent ID": "t3_ateejs",
            "Comment ID": "eh16eyz",
            "Author": "The-Physicist",
            "Date Created": "02-22-2019 09:52:52",
            "Upvotes": 7,
            "Text": "Tim Draper is probably going to be one of the richest men on the planet in a few years. \n\n&nbsp;\n\n> Despite amassing huge amounts of Bitcoin, however, Draper says he has no plans to trade or spend any of his personal holdings.\n>\n>&nbsp;\n>\n> \u201cI think we\u2019re probably two years away before everyone\u2019s buying coffee,\u201d he told the network.\n\n&nbsp;\n\nhttps://bitcoinist.com/tim-draper-buy-bitcoin-coffee-2021/",
            "Edited?": false,
            "Is Submitter?": false,
            "Stickied?": false
        }
    ],
    "eh0pgmt": [
        {
            "Parent ID": "t3_ateejs",
            "Comment ID": "eh0pgmt",
            "Author": "skalinas",
            "Date Created": "02-22-2019 04:09:19",
            "Upvotes": 13,
            "Text": "I feel like the future is here now.\n\nCoinbase pro has zero fees on limit orders, and it is free and fast to send Bitcoin and Ethereum to my Ledger Nano S or anywhere.\n\nWhat a time to be alive.",
            "Edited?": false,
            "Is Submitter?": false,
            "Stickied?": false
        }
    ],
    "eh0sbe2": [
        {
            "Parent ID": "t3_ateejs",
            "Comment ID": "eh0sbe2",
            "Author": "laninsterJr",
            "Date Created": "02-22-2019 05:32:11",
            "Upvotes": 6,
            "Text": "healthy volume in CMC",
            "Edited?": false,
            "Is Submitter?": false,
            "Stickied?": false
        }
    ],
    "eh211f6": [
        {
            "Parent ID": "t3_ateejs",
            "Comment ID": "eh211f6",
            "Author": "Rattlesnake_Mullet",
            "Date Created": "02-22-2019 15:47:37",
            "Upvotes": 7,
            "Text": "Lightning is exploding with applications atm.\n\nBut I will not find rest until we have a lightningsaber.",
            "Edited?": "02-22-2019 16:22:27",
            "Is Submitter?": false,
            "Stickied?": false
        }
    ],
    "eh21zkx": [
        {
            "Parent ID": "t3_ateejs",
            "Comment ID": "eh21zkx",
            "Author": "[deleted]",
            "Date Created": "02-22-2019 15:58:31",
            "Upvotes": 9,
            "Text": "[deleted]",
            "Edited?": false,
            "Is Submitter?": false,
            "Stickied?": false
        }
    ],
    "eh29x6k": [
        {
            "Parent ID": "t3_ateejs",
            "Comment ID": "eh29x6k",
            "Author": "GroundbreakingKing",
            "Date Created": "02-22-2019 17:31:05",
            "Upvotes": 6,
            "Text": "weird how if the price was at 10k and went to 9k people would be going crazy, but at 4k. \"no thanks\" people say. ",
            "Edited?": false,
            "Is Submitter?": false,
            "Stickied?": false
        }
    ],
    "eh0sq5n": [
        {
            "Parent ID": "t3_ateejs",
            "Comment ID": "eh0sq5n",
            "Author": "SYD4uo",
            "Date Created": "02-22-2019 05:43:50",
            "Upvotes": 3,
            "Text": "swim configured a node (core+lnd), made some channels and did some tx,  can swim copy the machine and run it on a different machine on a  different network without interrupting and/or could swim run the same  instance on multiple machines (creating redunancy)? ",
            "Edited?": false,
            "Is Submitter?": false,
            "Stickied?": false
        }
    ],
    "eh0lkpj": [
        {
            "Parent ID": "t3_ateejs",
            "Comment ID": "eh0lkpj",
            "Author": "crayzcrinkle",
            "Date Created": "02-22-2019 02:25:45",
            "Upvotes": 5,
            "Text": "I wonder if we can get through the day without a new post from the Elon Musk fan club?",
            "Edited?": false,
            "Is Submitter?": false,
            "Stickied?": false
        }
    ],
    "eh0z5fz": [
        {
            "Parent ID": "t3_ateejs",
            "Comment ID": "eh0z5fz",
            "Author": "sabiansoldier",
            "Date Created": "02-22-2019 08:05:46",
            "Upvotes": 7,
            "Text": "one good week and everybody's elated haha",
            "Edited?": false,
            "Is Submitter?": false,
            "Stickied?": false
        }
    ],
    "eh0m9ow": [
        {
            "Parent ID": "t3_ateejs",
            "Comment ID": "eh0m9ow",
            "Author": "DemonPuke",
            "Date Created": "02-22-2019 02:42:59",
            "Upvotes": 2,
            "Text": "I have a banned peer on my node and it does not give me a reason, does anyone have any ideas why my node would do that?",
            "Edited?": false,
            "Is Submitter?": false,
            "Stickied?": false
        }
    ],
    "eh1k8dd": [
        {
            "Parent ID": "t3_ateejs",
            "Comment ID": "eh1k8dd",
            "Author": "ShrimpyKevin",
            "Date Created": "02-22-2019 12:36:45",
            "Upvotes": 4,
            "Text": "For the amount of crypto owners choosing to HODL their crypto, I'm not surprised there isn't a larger proportion of people in the community who choose to implement a passive management strategy for their crypto investments.\n\nConsider incorporating an actual crypto index & passive rebalancing strategy to help you grow/manage your portfolio.\n\n[https://blog.shrimpy.io/blog/rebalance-vs-hodl-a-technical-analysis](https://blog.shrimpy.io/blog/rebalance-vs-hodl-a-technical-analysis)\n\nRemember: For most investors, it's not about timing the market, it's about time in the market.",
            "Edited?": false,
            "Is Submitter?": false,
            "Stickied?": false
        }
    ],
    "eh2k1zt": [
        {
            "Parent ID": "t3_ateejs",
            "Comment ID": "eh2k1zt",
            "Author": "whalecheetah",
            "Date Created": "02-22-2019 19:41:09",
            "Upvotes": 3,
            "Text": "Team bcash is now trying to Market and Infiltrate The coinbase subreddit since it's no longer moderated. If you guys have a minute go and give them hell. I certainly have been :)\n\nhttps://www.reddit.com/r/CoinBase/comments/atfzux/should_coinbase_delist_bch/?utm_source=reddit-android",
            "Edited?": false,
            "Is Submitter?": false,
            "Stickied?": false
        }
    ],
    "eh2nr2r": [
        {
            "Parent ID": "t3_ateejs",
            "Comment ID": "eh2nr2r",
            "Author": "diydude2",
            "Date Created": "02-22-2019 20:33:27",
            "Upvotes": 5,
            "Text": "Just sold all my Bitcoin at a huge loss.  Seems prudent.  ",
            "Edited?": false,
            "Is Submitter?": false,
            "Stickied?": false
        }
    ],
    "eh0nuts": [
        {
            "Parent ID": "t3_ateejs",
            "Comment ID": "eh0nuts",
            "Author": "luzamarino",
            "Date Created": "02-22-2019 03:24:35",
            "Upvotes": 1,
            "Text": "I have LL wallet Version 0.4.2-alpha (0.4.2-alpha.3064) . When do we expect a live date ?",
            "Edited?": false,
            "Is Submitter?": false,
            "Stickied?": false
        }
    ],
    "eh0t4fr": [
        {
            "Parent ID": "t3_ateejs",
            "Comment ID": "eh0t4fr",
            "Author": "bodyinchair",
            "Date Created": "02-22-2019 05:54:57",
            "Upvotes": 1,
            "Text": "Show your pride. Vote for Bitcoin to be crypto champion in the march madness crypto challenge. \n\n[https://twitter.com/whaleXfiles/status/1098622873890144257](https://twitter.com/whaleXfiles/status/1098622873890144257)\n\n&#x200B;",
            "Edited?": false,
            "Is Submitter?": false,
            "Stickied?": false
        }
    ],
    "eh2zg64": [
        {
            "Parent ID": "t3_ateejs",
            "Comment ID": "eh2zg64",
            "Author": "DaksTheDaddyNow",
            "Date Created": "02-22-2019 23:28:21",
            "Upvotes": 1,
            "Text": "Considering investing in Bitcoin. Does coinbase have competitive rates?",
            "Edited?": false,
            "Is Submitter?": false,
            "Stickied?": false
        }
    ],
    "eh0lcaf": [
        {
            "Parent ID": "t3_ateejs",
            "Comment ID": "eh0lcaf",
            "Author": "immolated_",
            "Date Created": "02-22-2019 02:20:18",
            "Upvotes": -5,
            "Text": "first",
            "Edited?": false,
            "Is Submitter?": false,
            "Stickied?": false
        }
    ],
    "eh30kgn": [
        {
            "Parent ID": "t3_ateejs",
            "Comment ID": "eh30kgn",
            "Author": "[deleted]",
            "Date Created": "02-22-2019 23:46:13",
            "Upvotes": -1,
            "Text": "Everyone talks about price daily. You should be talking about chain analytics that keep high net worth individuals away (but still watching) and governments in. \nYou should be talking about how bitcoin is more easy to track than a gift card! \n\nWe are trying to develop internet cash! Private and liquid. If bitcoin goes up in price, it is pure speculation and not a use cause. Andreas Antonopolous even says privacy over scale. Do you want all your transactions tracked by your government? Privacy is a right not a privilege and we guess you will have to find out the hard way.  ",
            "Edited?": "02-23-2019 00:08:13",
            "Is Submitter?": false,
            "Stickied?": false
        }
    ],
    "eh1d4ui": [
        {
            "Parent ID": "t1_eh16eyz",
            "Comment ID": "eh1d4ui",
            "Author": "diydude2",
            "Date Created": "02-22-2019 11:15:12",
            "Upvotes": 4,
            "Text": "Without a doubt.  I hope he's a good guy and invests in or otherwise funds some super-cool projects.",
            "Edited?": false,
            "Is Submitter?": false,
            "Stickied?": false
        }
    ],
    "eh2fse5": [
        {
            "Parent ID": "t1_eh16eyz",
            "Comment ID": "eh2fse5",
            "Author": "d3vrandom",
            "Date Created": "02-22-2019 18:43:55",
            "Upvotes": 2,
            "Text": "The winklevii got in earlier and own more coins i think.",
            "Edited?": false,
            "Is Submitter?": false,
            "Stickied?": false
        }
    ],
    "eh1tvy0": [
        {
            "Parent ID": "t1_eh16eyz",
            "Comment ID": "eh1tvy0",
            "Author": "753UDKM",
            "Date Created": "02-22-2019 14:26:02",
            "Upvotes": 2,
            "Text": "I personally think he's out of his mind. I envision Bitcoin as something that augments the existing financial system, not replacing it. ",
            "Edited?": false,
            "Is Submitter?": false,
            "Stickied?": false
        }
    ],
    "eh0rw7l": [
        {
            "Parent ID": "t1_eh0pgmt",
            "Comment ID": "eh0rw7l",
            "Author": "skaska23",
            "Date Created": "02-22-2019 05:19:49",
            "Upvotes": 8,
            "Text": "Today bought some on pro.coinbase, limit order at marketprice took like 10 minutes. (Everybody is waiting) and then sent imidiately to Trezor. Feelsgood",
            "Edited?": false,
            "Is Submitter?": false,
            "Stickied?": false
        }
    ],
    "eh1coy9": [
        {
            "Parent ID": "t1_eh0pgmt",
            "Comment ID": "eh1coy9",
            "Author": "[deleted]",
            "Date Created": "02-22-2019 11:09:53",
            "Upvotes": 3,
            "Text": "GDAX/Coinbase has always had no fees on limit orders ",
            "Edited?": false,
            "Is Submitter?": false,
            "Stickied?": false
        }
    ],
    "eh266b2": [
        {
            "Parent ID": "t1_eh211f6",
            "Comment ID": "eh266b2",
            "Author": "Frankich72",
            "Date Created": "02-22-2019 16:47:09",
            "Upvotes": 2,
            "Text": "The force is strong with this one.",
            "Edited?": false,
            "Is Submitter?": false,
            "Stickied?": false
        }
    ],
    "eh2n3mw": [
        {
            "Parent ID": "t1_eh211f6",
            "Comment ID": "eh2n3mw",
            "Author": "cjohanneson38",
            "Date Created": "02-22-2019 20:24:01",
            "Upvotes": 1,
            "Text": "I wanna find a way to pay fat chicks to eat French fries by sending satoahis with LN",
            "Edited?": false,
            "Is Submitter?": false,
            "Stickied?": false
        }
    ],
    "eh28u12": [
        {
            "Parent ID": "t1_eh21zkx",
            "Comment ID": "eh28u12",
            "Author": "mike-es6",
            "Date Created": "02-22-2019 17:18:02",
            "Upvotes": 4,
            "Text": "I bought some a couple days ago. Price didn't crash, decided I needed to try harder. Bought some more. Still hasn't crashed though. Am i doing something wrong?",
            "Edited?": false,
            "Is Submitter?": false,
            "Stickied?": false
        }
    ],
    "eh7fauj": [
        {
            "Parent ID": "t1_eh21zkx",
            "Comment ID": "eh7fauj",
            "Author": "BitcoinLOL12321312",
            "Date Created": "02-24-2019 17:45:01",
            "Upvotes": 1,
            "Text": "Lol.",
            "Edited?": false,
            "Is Submitter?": false,
            "Stickied?": false
        }
    ],
    "eh2ai5o": [
        {
            "Parent ID": "t1_eh29x6k",
            "Comment ID": "eh2ai5o",
            "Author": "3DprintRC",
            "Date Created": "02-22-2019 17:38:06",
            "Upvotes": 4,
            "Text": "9k was the bottom.",
            "Edited?": false,
            "Is Submitter?": false,
            "Stickied?": false
        }
    ],
    "eh0mj77": [
        {
            "Parent ID": "t1_eh0lkpj",
            "Comment ID": "eh0mj77",
            "Author": "LilyB27",
            "Date Created": "02-22-2019 02:49:46",
            "Upvotes": 4,
            "Text": "Yeah lol what is up with that? They should be in an elon musk subreddit",
            "Edited?": false,
            "Is Submitter?": false,
            "Stickied?": false
        }
    ],
    "eh1c8xk": [
        {
            "Parent ID": "t1_eh0lkpj",
            "Comment ID": "eh1c8xk",
            "Author": "MrRGnome",
            "Date Created": "02-22-2019 11:04:34",
            "Upvotes": 1,
            "Text": "There is so much personality worship from this sub, it doesn't make any sense for a community without authority figures. Someone asked me a while ago who my favorite bitcoin celebrity was and I did a full spit take. There are no Bitcoin celebrities and if you think there are it's because you are elevating them and you should stop.",
            "Edited?": false,
            "Is Submitter?": false,
            "Stickied?": false
        }
    ],
    "eh10plp": [
        {
            "Parent ID": "t1_eh0lkpj",
            "Comment ID": "eh10plp",
            "Author": "Chroko",
            "Date Created": "02-22-2019 08:31:19",
            "Upvotes": -1,
            "Text": "They've been trying to scam people for years by posing as Musk on Twitter and promising free Bitcoin - I guess this is just the next iteration of their desperation.",
            "Edited?": false,
            "Is Submitter?": false,
            "Stickied?": false
        }
    ],
    "eh129dg": [
        {
            "Parent ID": "t1_eh0z5fz",
            "Comment ID": "eh129dg",
            "Author": "diydude2",
            "Date Created": "02-22-2019 08:55:00",
            "Upvotes": 13,
            "Text": "It's actually been a good month.  There hasn't been a dump of any consequence since early January, and we've had two big pumps in February.\n\nToday is payday for a lot of people in the USA.  Could be a nice little pump in the cards.",
            "Edited?": false,
            "Is Submitter?": false,
            "Stickied?": false
        }
    ],
    "eh0t7m4": [
        {
            "Parent ID": "t1_eh0m9ow",
            "Comment ID": "eh0t7m4",
            "Author": "theartlav",
            "Date Created": "02-22-2019 05:57:21",
            "Upvotes": 3,
            "Text": "Some old, custom or forked software, most likely. Banning happens when a peer is systematically not following the protocol. A \"peer\" there can also be a wallet, for example, since many of them send transactions by connecting to the network directly rather than through some API somewhere.",
            "Edited?": false,
            "Is Submitter?": false,
            "Stickied?": false
        }
    ],
    "eh1t3dr": [
        {
            "Parent ID": "t1_eh1k8dd",
            "Comment ID": "eh1t3dr",
            "Author": "[deleted]",
            "Date Created": "02-22-2019 14:17:14",
            "Upvotes": 9,
            "Text": "Mo shitcoins, mo problems",
            "Edited?": false,
            "Is Submitter?": false,
            "Stickied?": false
        }
    ],
    "eh1pwd1": [
        {
            "Parent ID": "t1_eh1k8dd",
            "Comment ID": "eh1pwd1",
            "Author": "CONTROLurKEYS",
            "Date Created": "02-22-2019 13:41:17",
            "Upvotes": 8,
            "Text": "Index in crypto are amazingly stupid. So much so that many of the hedge funds that did indexes are all out of business. Coinbase also discontinued their stupid index.",
            "Edited?": false,
            "Is Submitter?": false,
            "Stickied?": false
        }
    ],
    "eh22p05": [
        {
            "Parent ID": "t1_eh1k8dd",
            "Comment ID": "eh22p05",
            "Author": "medatascientist",
            "Date Created": "02-22-2019 16:06:55",
            "Upvotes": 7,
            "Text": "Indexing strategy works because it is based on diversification. Ie S&P 500 has service companies, pharmaceuticals, technology, logistics etc etc.\n\nAn index of multiple crypto tokens is the opposite of that since they are all very heavily dependent on each other.",
            "Edited?": false,
            "Is Submitter?": false,
            "Stickied?": false
        }
    ],
    "eh1nzd8": [
        {
            "Parent ID": "t1_eh1k8dd",
            "Comment ID": "eh1nzd8",
            "Author": "martianethseller",
            "Date Created": "02-22-2019 13:19:32",
            "Upvotes": 3,
            "Text": "Hodling is passive management.",
            "Edited?": false,
            "Is Submitter?": false,
            "Stickied?": false
        }
    ],
    "eh1vetv": [
        {
            "Parent ID": "t1_eh1k8dd",
            "Comment ID": "eh1vetv",
            "Author": "46dcvls",
            "Date Created": "02-22-2019 14:43:14",
            "Upvotes": 3,
            "Text": "It's incredible that despite the statistics people still believe they can beat the market consistently.\n\nInvest in projects you believe in and take profits when it makes sense,  but rebalancing some crypto index is a fool's errand.",
            "Edited?": false,
            "Is Submitter?": false,
            "Stickied?": false
        }
    ],
    "eh2o0fo": [
        {
            "Parent ID": "t1_eh1k8dd",
            "Comment ID": "eh2o0fo",
            "Author": "diydude2",
            "Date Created": "02-22-2019 20:37:15",
            "Upvotes": 3,
            "Text": "\"Rebalancing\" to shitcoins? No thanks.",
            "Edited?": false,
            "Is Submitter?": false,
            "Stickied?": false
        }
    ],
    "eh305un": [
        {
            "Parent ID": "t1_eh2k1zt",
            "Comment ID": "eh305un",
            "Author": "[deleted]",
            "Date Created": "02-22-2019 23:39:48",
            "Upvotes": 1,
            "Text": "Coinbase is assisting agencies and high net worth individuals, on chain analytics to know who is who. It has to stop soon. They are becoming worse than a bank. They are big brother of crypto and being paid handsomely for their services. Trust me. \nIt\u2019s disgusting. ",
            "Edited?": false,
            "Is Submitter?": false,
            "Stickied?": false
        }
    ],
    "eh2qjvi": [
        {
            "Parent ID": "t1_eh2k1zt",
            "Comment ID": "eh2qjvi",
            "Author": "GreenStretch",
            "Date Created": "02-22-2019 21:13:55",
            "Upvotes": 1,
            "Text": "Bcash is a shitcoin, but Coinbase was serving its customers well by giving them their coins and Faketoshi coin too.  The execution was terrible, the sensible thing to do would have been to give eligible customers their bcash first and delaying the active buying and selling of the coin. ",
            "Edited?": false,
            "Is Submitter?": false,
            "Stickied?": false
        }
    ],
    "eh2ow69": [
        {
            "Parent ID": "t1_eh2nr2r",
            "Comment ID": "eh2ow69",
            "Author": "cjohanneson38",
            "Date Created": "02-22-2019 20:50:09",
            "Upvotes": 5,
            "Text": "Buy high sell low ",
            "Edited?": false,
            "Is Submitter?": false,
            "Stickied?": false
        }
    ],
    "eh34vak": [
        {
            "Parent ID": "t1_eh2nr2r",
            "Comment ID": "eh34vak",
            "Author": "MadBanker01",
            "Date Created": "02-23-2019 01:02:47",
            "Upvotes": 2,
            "Text": "Well, you may be able to sleep better if you had more in than you could afford to lose, but I have a hunch that you will regret that in a year or two........ That said, if you feel good about it, then you made the right decision. Hopefully you kept a small percentage - just in case..........",
            "Edited?": false,
            "Is Submitter?": false,
            "Stickied?": false
        }
    ],
    "eh374lm": [
        {
            "Parent ID": "t1_eh2nr2r",
            "Comment ID": "eh374lm",
            "Author": "longbeachbrawler",
            "Date Created": "02-23-2019 01:49:39",
            "Upvotes": 1,
            "Text": "What price did you buy at?",
            "Edited?": false,
            "Is Submitter?": false,
            "Stickied?": false
        }
    ],
    "eh372y2": [
        {
            "Parent ID": "t1_eh2zg64",
            "Comment ID": "eh372y2",
            "Author": "longbeachbrawler",
            "Date Created": "02-23-2019 01:48:41",
            "Upvotes": 1,
            "Text": "Yes",
            "Edited?": false,
            "Is Submitter?": false,
            "Stickied?": false
        }
    ],
    "eh31i55": [
        {
            "Parent ID": "t1_eh30kgn",
            "Comment ID": "eh31i55",
            "Author": "[deleted]",
            "Date Created": "02-23-2019 00:02:04",
            "Upvotes": 0,
            "Text": "If all my transactions could be tracked by my government and i didnt have to pointlessly spend the first 3 months of the new year accounting for every penny i got or spent in the last year, i would be thrilled.  Beyond freeing up my time, it would destroy the turbo taxes, H&R, and independent thieves of the world, and i would love that.",
            "Edited?": false,
            "Is Submitter?": false,
            "Stickied?": false
        }
    ],
    "eh20s2s": [
        {
            "Parent ID": "t1_eh1tvy0",
            "Comment ID": "eh20s2s",
            "Author": "Rattlesnake_Mullet",
            "Date Created": "02-22-2019 15:44:39",
            "Upvotes": 4,
            "Text": "Would be alright too. And is already happening.",
            "Edited?": false,
            "Is Submitter?": false,
            "Stickied?": false
        }
    ],
    "eh2dm2u": [
        {
            "Parent ID": "t1_eh28u12",
            "Comment ID": "eh2dm2u",
            "Author": "SirDipShittington",
            "Date Created": "02-22-2019 18:16:02",
            "Upvotes": 6,
            "Text": "BUY HARDER!",
            "Edited?": false,
            "Is Submitter?": false,
            "Stickied?": false
        }
    ],
    "eh2n7hw": [
        {
            "Parent ID": "t1_eh28u12",
            "Comment ID": "eh2n7hw",
            "Author": "cjohanneson38",
            "Date Created": "02-22-2019 20:25:32",
            "Upvotes": 2,
            "Text": "I\u2019m so used to losing money almost immediately following all of my buys. This relative stability has been pleasant. ",
            "Edited?": false,
            "Is Submitter?": false,
            "Stickied?": false
        }
    ],
    "eh2ev90": [
        {
            "Parent ID": "t1_eh2ai5o",
            "Comment ID": "eh2ev90",
            "Author": "handypen",
            "Date Created": "02-22-2019 18:32:01",
            "Upvotes": 3,
            "Text": "I bought bitcoin at 9k!  I bought it at lots of other prices too.",
            "Edited?": false,
            "Is Submitter?": false,
            "Stickied?": false
        }
    ],
    "eh22ume": [
        {
            "Parent ID": "t1_eh129dg",
            "Comment ID": "eh22ume",
            "Author": "medatascientist",
            "Date Created": "02-22-2019 16:08:44",
            "Upvotes": 2,
            "Text": "Let\u2019s not forget many people got their tax returns as well, so there is new capital to invest for old investors. What will happen when April 15 passes and same supply remains with less demand?",
            "Edited?": false,
            "Is Submitter?": false,
            "Stickied?": false
        }
    ],
    "eh1z87d": [
        {
            "Parent ID": "t1_eh0t7m4",
            "Comment ID": "eh1z87d",
            "Author": "DemonPuke",
            "Date Created": "02-22-2019 15:26:46",
            "Upvotes": 1,
            "Text": "Oh wow that's interesting, thanks for the reply. !lntip 1000",
            "Edited?": false,
            "Is Submitter?": false,
            "Stickied?": false
        }
    ],
    "eh1v9qw": [
        {
            "Parent ID": "t1_eh1pwd1",
            "Comment ID": "eh1v9qw",
            "Author": "ShrimpyKevin",
            "Date Created": "02-22-2019 14:41:39",
            "Upvotes": 3,
            "Text": "If hedge funds are getting in during Nov/Dec 2017, imo that just bad timing rather than the concept of indexing being stupid.\n\nWhen markets are still down 80% from ATH, of course things will still be looking bad. However, from the concept of a passive investment, it's never a bad time to implement an actual strategy.\n\nFor every index fund that's no longer in existence, there are two being created in its place. ",
            "Edited?": false,
            "Is Submitter?": false,
            "Stickied?": false
        }
    ],
    "eh20vfo": [
        {
            "Parent ID": "t1_eh1pwd1",
            "Comment ID": "eh20vfo",
            "Author": "Chroko",
            "Date Created": "02-22-2019 15:45:43",
            "Upvotes": 3,
            "Text": "Coinbase did not discontinue their index, it's still available as their \"Coinbase Bundle.\"",
            "Edited?": false,
            "Is Submitter?": false,
            "Stickied?": false
        }
    ],
    "eh26o4e": [
        {
            "Parent ID": "t1_eh22p05",
            "Comment ID": "eh26o4e",
            "Author": "Frankich72",
            "Date Created": "02-22-2019 16:52:43",
            "Upvotes": 3,
            "Text": "Agreed....completely ",
            "Edited?": false,
            "Is Submitter?": false,
            "Stickied?": false
        }
    ],
    "eh1putb": [
        {
            "Parent ID": "t1_eh1nzd8",
            "Comment ID": "eh1putb",
            "Author": "ShrimpyKevin",
            "Date Created": "02-22-2019 13:40:47",
            "Upvotes": 2,
            "Text": "Management implies a strategic direction or investment approach for a portfolio. But again, the act of doing nothing is action itself.",
            "Edited?": false,
            "Is Submitter?": false,
            "Stickied?": false
        }
    ],
    "eh1wiuo": [
        {
            "Parent ID": "t1_eh1vetv",
            "Comment ID": "eh1wiuo",
            "Author": "ShrimpyKevin",
            "Date Created": "02-22-2019 14:55:41",
            "Upvotes": 1,
            "Text": "That's assuming a degree of confidence and understanding from the investor. If you're new to crypto, exactly how are you going to make educated investment decisions?\n\n&#x200B;\n\nI'm sure if many people could choose a long-term crypto strategy without actually having to trade, they would do so.",
            "Edited?": false,
            "Is Submitter?": false,
            "Stickied?": false
        }
    ],
    "eh315vh": [
        {
            "Parent ID": "t1_eh2qjvi",
            "Comment ID": "eh315vh",
            "Author": "whalecheetah",
            "Date Created": "02-22-2019 23:56:14",
            "Upvotes": 2,
            "Text": "Completely agree. I just get irritated with their bullshit marketing. They literally lie to as many new people as possible to try and rope them into buying that crap",
            "Edited?": false,
            "Is Submitter?": false,
            "Stickied?": false
        }
    ],
    "eh34nfo": [
        {
            "Parent ID": "t1_eh2ow69",
            "Comment ID": "eh34nfo",
            "Author": "Frankich72",
            "Date Created": "02-23-2019 00:58:31",
            "Upvotes": 3,
            "Text": "Buy low, sell lower, ",
            "Edited?": false,
            "Is Submitter?": false,
            "Stickied?": false
        }
    ],
    "eh2x3x0": [
        {
            "Parent ID": "t1_eh2ow69",
            "Comment ID": "eh2x3x0",
            "Author": "diydude2",
            "Date Created": "02-22-2019 22:51:38",
            "Upvotes": 1,
            "Text": "uh... if you say so",
            "Edited?": false,
            "Is Submitter?": false,
            "Stickied?": false
        }
    ],
    "eh31r8u": [
        {
            "Parent ID": "t1_eh31i55",
            "Comment ID": "eh31r8u",
            "Author": "[deleted]",
            "Date Created": "02-23-2019 00:06:12",
            "Upvotes": 2,
            "Text": "Coinbase and businesses are selling your information. Is that what you want? A google and amazon in crypto?  Think about it before you answer cause We seen the money they are willing to pay. \n",
            "Edited?": false,
            "Is Submitter?": false,
            "Stickied?": false
        }
    ],
    "eh31trp": [
        {
            "Parent ID": "t1_eh31i55",
            "Comment ID": "eh31trp",
            "Author": "[deleted]",
            "Date Created": "02-23-2019 00:07:22",
            "Upvotes": 1,
            "Text": "Use a stablecoin if you don\u2019t care. I hear JP Morgan has one for you. ",
            "Edited?": false,
            "Is Submitter?": false,
            "Stickied?": false
        }
    ],
    "eh2goh6": [
        {
            "Parent ID": "t1_eh2dm2u",
            "Comment ID": "eh2goh6",
            "Author": "PumperDumperr",
            "Date Created": "02-22-2019 18:55:32",
            "Upvotes": 3,
            "Text": "and hodl tighter!",
            "Edited?": false,
            "Is Submitter?": false,
            "Stickied?": false
        }
    ],
    "eh1z908": [
        {
            "Parent ID": "t1_eh1z87d",
            "Comment ID": "eh1z908",
            "Author": "lntipbot",
            "Date Created": "02-22-2019 15:27:02",
            "Upvotes": 1,
            "Text": "Hi u/DemonPuke, thanks for tipping u/theartlav **1000** satoshis!\n***\n*[^(More info)](https://www.reddit.com/r/lntipbot/wiki/index) ^| [^(Balance)](https://www.reddit.com/message/compose/?to=lntipbot&subject=balance&message=!balance) ^| [^(Deposit)](https://www.reddit.com/message/compose/?to=lntipbot&subject=deposit&message=!deposit 10000) ^| [^(Withdraw)](https://www.reddit.com/message/compose/?to=lntipbot&subject=withdraw&message=!withdraw put_invoice_here) ^| ^(Something wrong?  Have a question?) [^(Send me a message)](https://www.reddit.com/message/compose/?to=drmoore718)*",
            "Edited?": false,
            "Is Submitter?": false,
            "Stickied?": false
        }
    ],
    "eh2o659": [
        {
            "Parent ID": "t1_eh1putb",
            "Comment ID": "eh2o659",
            "Author": "diydude2",
            "Date Created": "02-22-2019 20:39:37",
            "Upvotes": 3,
            "Text": "Here's a strategic direction: Hodl for 36 months.  Your gains will be in the hundreds of percent even if you bought at an \"all-time high.\"\n\nIt ain't rocket science, folks.  This is the best time to buy Bitcoin since late 2016 in terms of getting a quick bang for your buck.  \n\nUnfortunately I sold all mine because banker money just makes more sense.\n\nI'm rich anyway so money ain't a thang.",
            "Edited?": false,
            "Is Submitter?": false,
            "Stickied?": false
        }
    ],
    "eh2rarm": [
        {
            "Parent ID": "t1_eh1wiuo",
            "Comment ID": "eh2rarm",
            "Author": "slepyhed",
            "Date Created": "02-22-2019 21:25:02",
            "Upvotes": 2,
            "Text": "Buy and hold bitcoin is a simple and effective long-term strategy. \"Diversifying\" into shitcoins that are highly correlated to bitcoin needlessly complicates things without providing the benefits of diversifying into a non-correlated asset.",
            "Edited?": false,
            "Is Submitter?": false,
            "Stickied?": false
        }
    ],
    "eh2nv9h": [
        {
            "Parent ID": "t1_eh2goh6",
            "Comment ID": "eh2nv9h",
            "Author": "diydude2",
            "Date Created": "02-22-2019 20:35:09",
            "Upvotes": 3,
            "Text": "Hard and tight, a match made in heaven itself.",
            "Edited?": false,
            "Is Submitter?": false,
            "Stickied?": false
        }
    ]
}