{
    "egamb8u": [
        {
            "Parent ID": "t3_apqlxg",
            "Comment ID": "egamb8u",
            "Author": "mummyfromcrypto",
            "Date Created": "02-12-2019 03:39:08",
            "Upvotes": 7,
            "Text": "Bcash \ud83d\ude02 ",
            "Edited?": false,
            "Is Submitter?": false,
            "Stickied?": false
        }
    ],
    "egbbr0t": [
        {
            "Parent ID": "t3_apqlxg",
            "Comment ID": "egbbr0t",
            "Author": "Zand_",
            "Date Created": "02-12-2019 11:27:48",
            "Upvotes": 6,
            "Text": "Number of unconfirmed transactions in mempool is highest it's been in over a month (by a large margin). Minimum of 12 sats/byte to get into the next block, wonder if this is correlated to anything\n\nhttps://jochen-hoenicke.de/queue/#0,30d",
            "Edited?": false,
            "Is Submitter?": false,
            "Stickied?": false
        }
    ],
    "egbpjed": [
        {
            "Parent ID": "t3_apqlxg",
            "Comment ID": "egbpjed",
            "Author": "LemosineRidin",
            "Date Created": "02-12-2019 14:02:01",
            "Upvotes": 5,
            "Text": "What are the chances this doesn\u2019t Bart ?!  I want to buy. ",
            "Edited?": false,
            "Is Submitter?": false,
            "Stickied?": false
        }
    ],
    "egay546": [
        {
            "Parent ID": "t3_apqlxg",
            "Comment ID": "egay546",
            "Author": "netclectic",
            "Date Created": "02-12-2019 08:27:13",
            "Upvotes": 4,
            "Text": "Is the current talk about 300kb blocks likely to come to anything or is it just a thought experiment?",
            "Edited?": false,
            "Is Submitter?": false,
            "Stickied?": false
        }
    ],
    "egbrg25": [
        {
            "Parent ID": "t3_apqlxg",
            "Comment ID": "egbrg25",
            "Author": "[deleted]",
            "Date Created": "02-12-2019 14:23:25",
            "Upvotes": 3,
            "Text": "[deleted]",
            "Edited?": false,
            "Is Submitter?": false,
            "Stickied?": false
        }
    ],
    "egas21z": [
        {
            "Parent ID": "t3_apqlxg",
            "Comment ID": "egas21z",
            "Author": "joethecrow23",
            "Date Created": "02-12-2019 06:22:28",
            "Upvotes": 5,
            "Text": "Anybody use one of those apps that rounds your credit/debit purchases up to the nearest dollar and buys BTC with the change? Any recommendations on which to use?",
            "Edited?": false,
            "Is Submitter?": false,
            "Stickied?": false
        }
    ],
    "egaqr1h": [
        {
            "Parent ID": "t3_apqlxg",
            "Comment ID": "egaqr1h",
            "Author": "[deleted]",
            "Date Created": "02-12-2019 05:47:05",
            "Upvotes": 2,
            "Text": "Interesting how this is being read as both bearish and bullish across the board.",
            "Edited?": false,
            "Is Submitter?": false,
            "Stickied?": false
        }
    ],
    "egb6qz4": [
        {
            "Parent ID": "t3_apqlxg",
            "Comment ID": "egb6qz4",
            "Author": "LotLizard55",
            "Date Created": "02-12-2019 10:28:14",
            "Upvotes": 2,
            "Text": "I have a question I hope someone can answer. Why does Venezuela, for example, have to pay a premium for BTC? Shouldn't we want the price to be the same if we want a global currency or store of value? ",
            "Edited?": false,
            "Is Submitter?": false,
            "Stickied?": false
        }
    ],
    "egaimup": [
        {
            "Parent ID": "t3_apqlxg",
            "Comment ID": "egaimup",
            "Author": "PoolGroup",
            "Date Created": "02-12-2019 02:08:14",
            "Upvotes": 3,
            "Text": "Am I understanding this right. Mt Gox is reopening and all the bitcoins they had will enter the market. Is this true? If so, don't the rules of supply and demand apply here? Lots of new bitcoins entering, which means more supply? Typically that is a bearish forecast. We would need an increase of trading activity or purchasing power to make it a bullish forecast. \n\nWhat is everyone's input on this?",
            "Edited?": false,
            "Is Submitter?": false,
            "Stickied?": false
        }
    ],
    "egaocae": [
        {
            "Parent ID": "t3_apqlxg",
            "Comment ID": "egaocae",
            "Author": "GrouchyEmployer",
            "Date Created": "02-12-2019 04:36:36",
            "Upvotes": 1,
            "Text": "Do any of the big names etc (devs, exchange operators, etc) have one of those paid inbox things set up? ",
            "Edited?": false,
            "Is Submitter?": false,
            "Stickied?": false
        }
    ],
    "egbkh37": [
        {
            "Parent ID": "t3_apqlxg",
            "Comment ID": "egbkh37",
            "Author": "[deleted]",
            "Date Created": "02-12-2019 13:06:52",
            "Upvotes": 0,
            "Text": "[deleted]",
            "Edited?": "02-12-2019 13:12:44",
            "Is Submitter?": false,
            "Stickied?": false
        }
    ],
    "egardw0": [
        {
            "Parent ID": "t3_apqlxg",
            "Comment ID": "egardw0",
            "Author": "major_tennis",
            "Date Created": "02-12-2019 06:04:37",
            "Upvotes": -5,
            "Text": "watching bnb climb from top 20 to top 10 , with burns and all sorts along the way",
            "Edited?": false,
            "Is Submitter?": false,
            "Stickied?": false
        }
    ],
    "egbie7o": [
        {
            "Parent ID": "t1_egbbr0t",
            "Comment ID": "egbie7o",
            "Author": "MrRGnome",
            "Date Created": "02-12-2019 12:43:52",
            "Upvotes": 1,
            "Text": "By a large margin? It's a single peak caused almost entirely by 1 sat/byte transactions that is only 10k transactions over the previous peak in the 30 day timespan. If you move out even further to 3 months it's not even the highest peak anymore.\n\nWhy are you raising the alarms?",
            "Edited?": false,
            "Is Submitter?": false,
            "Stickied?": false
        }
    ],
    "egbxxky": [
        {
            "Parent ID": "t1_egbpjed",
            "Comment ID": "egbxxky",
            "Author": "MoonBoyLambos",
            "Date Created": "02-12-2019 15:34:44",
            "Upvotes": 6,
            "Text": "I bought partially every dip, this way I don't have to give a shit about predicting the future.",
            "Edited?": false,
            "Is Submitter?": false,
            "Stickied?": false
        }
    ],
    "egbsyw0": [
        {
            "Parent ID": "t1_egbpjed",
            "Comment ID": "egbsyw0",
            "Author": "CashMeYo",
            "Date Created": "02-12-2019 14:40:20",
            "Upvotes": 4,
            "Text": "As much as I don't want it to, it probably will.  But who knows that's the adventure of BTC! ",
            "Edited?": false,
            "Is Submitter?": false,
            "Stickied?": false
        }
    ],
    "egbwdje": [
        {
            "Parent ID": "t1_egbpjed",
            "Comment ID": "egbwdje",
            "Author": "penajzla",
            "Date Created": "02-12-2019 15:17:47",
            "Upvotes": 1,
            "Text": "What it means to Bart? I panickly sold at 3400 hoping to buy back in but not so sure that it will retrace looks more like it is heading towards 4 k?",
            "Edited?": false,
            "Is Submitter?": false,
            "Stickied?": false
        }
    ],
    "egayju2": [
        {
            "Parent ID": "t1_egay546",
            "Comment ID": "egayju2",
            "Author": "AussieBitcoiner",
            "Date Created": "02-12-2019 08:34:02",
            "Upvotes": 7,
            "Text": "I highly doubt consensus could be achieved for a block reduction",
            "Edited?": false,
            "Is Submitter?": false,
            "Stickied?": false
        }
    ],
    "egb3qsa": [
        {
            "Parent ID": "t1_egay546",
            "Comment ID": "egb3qsa",
            "Author": "46dcvls",
            "Date Created": "02-12-2019 09:49:39",
            "Upvotes": 5,
            "Text": "It's almost certainly never going to have consensus , so no this isnt going anywhere.\n\nIf pools want to set their limit at 300kb nothing is stopping them. If nodes want to not accept blocks over 300kb , nothing is stopping them. The current observed reality is the state of consensus.\n\nIf a subset of users want to fork off to a chain that only recognizes 300kb max blocks, they are free to do so at any time, but will find themselves on a tiny minority chain with almost no hashrate and will be easily open to attacks.",
            "Edited?": false,
            "Is Submitter?": false,
            "Stickied?": false
        }
    ],
    "egb905t": [
        {
            "Parent ID": "t1_egay546",
            "Comment ID": "egb905t",
            "Author": "MrRGnome",
            "Date Created": "02-12-2019 10:55:28",
            "Upvotes": 5,
            "Text": "Luke is an engineer. His thoughts are very valid from that perspective. But those thoughts will never find consensus as evidenced by the big block fight, so it's kind of a moot point. I think it was Newbery who said something like \"Luke has a way of being right but in a way that is certain to piss everyone off\"",
            "Edited?": false,
            "Is Submitter?": false,
            "Stickied?": false
        }
    ],
    "egbcoqa": [
        {
            "Parent ID": "t1_egay546",
            "Comment ID": "egbcoqa",
            "Author": "jesuisbitcoin",
            "Date Created": "02-12-2019 11:38:46",
            "Upvotes": 1,
            "Text": "I think Luke is being very smart here, it may be a way to protect the current 1MB block size limit in the long term : asking for 300KB shifts the debate to the lower side and the current limit is more likely to be viewed as a reasonable compromise (which I think it is).",
            "Edited?": false,
            "Is Submitter?": false,
            "Stickied?": false
        }
    ],
    "egbxbzt": [
        {
            "Parent ID": "t1_egbrg25",
            "Comment ID": "egbxbzt",
            "Author": "0delta",
            "Date Created": "02-12-2019 15:28:14",
            "Upvotes": 4,
            "Text": "Coinbase Pro has 0 fee and tight spreads if you can pass verification and use limit orders.",
            "Edited?": false,
            "Is Submitter?": false,
            "Stickied?": false
        }
    ],
    "egb75yx": [
        {
            "Parent ID": "t1_egb6qz4",
            "Comment ID": "egb75yx",
            "Author": "noneither",
            "Date Created": "02-12-2019 10:33:22",
            "Upvotes": 3,
            "Text": "Supply and demand.  It's restricted in Venezuela so the supply is not liberally available. \n\nIt's also hard to get a price for anything when there are regulated exchange rates. ",
            "Edited?": false,
            "Is Submitter?": false,
            "Stickied?": false
        }
    ],
    "egbbchp": [
        {
            "Parent ID": "t1_egb6qz4",
            "Comment ID": "egbbchp",
            "Author": "curseknight",
            "Date Created": "02-12-2019 11:23:06",
            "Upvotes": 1,
            "Text": "Like the other replier said. If I try to charge you $10 for a bottle of water, you'll think it's expensive, but if the transaction happens in a desert, you'll think it's a bargain! Similarly, fiat in Venezuela is shit which makes BTC extremely desirable (the bottle of water in the desert) and naturally hard to get. To make it worse, it's restricted there (it's a desert). There you have it.",
            "Edited?": false,
            "Is Submitter?": false,
            "Stickied?": false
        }
    ],
    "egakoqa": [
        {
            "Parent ID": "t1_egaimup",
            "Comment ID": "egakoqa",
            "Author": "dwyss9",
            "Date Created": "02-12-2019 02:56:33",
            "Upvotes": 4,
            "Text": "no it is bullish, because its eliminate the thread of selling from the trustee",
            "Edited?": false,
            "Is Submitter?": false,
            "Stickied?": false
        }
    ],
    "eganrhc": [
        {
            "Parent ID": "t1_egaimup",
            "Comment ID": "eganrhc",
            "Author": "0delta",
            "Date Created": "02-12-2019 04:19:55",
            "Upvotes": 4,
            "Text": "My read on the situation: people are not getting their BTC back. They are getting $$ or \u00a5\u00a5 equivalent of those BTC valued at $300. So no influx of bitcoins to the market. On the other hand, the hackers who stole the actuall coins have been selling all this time...",
            "Edited?": false,
            "Is Submitter?": false,
            "Stickied?": false
        }
    ],
    "egam72j": [
        {
            "Parent ID": "t1_egaimup",
            "Comment ID": "egam72j",
            "Author": "tofuspider",
            "Date Created": "02-12-2019 03:36:01",
            "Upvotes": 3,
            "Text": "https://medium.com/@nikuhodai/dont-trust-the-dishonest-why-gox-rising-shouldn-t-be-taken-seriously-ffbaa1d21c86\n\nGox forensic expert explains the drama lately pretty clearly.",
            "Edited?": false,
            "Is Submitter?": false,
            "Stickied?": false
        }
    ],
    "egb2ru9": [
        {
            "Parent ID": "t1_egaimup",
            "Comment ID": "egb2ru9",
            "Author": "djulac",
            "Date Created": "02-12-2019 09:36:29",
            "Upvotes": 3,
            "Text": "If they sell, i'll buy em",
            "Edited?": false,
            "Is Submitter?": false,
            "Stickied?": false
        }
    ],
    "egan699": [
        {
            "Parent ID": "t1_egaimup",
            "Comment ID": "egan699",
            "Author": "time_wasted504",
            "Date Created": "02-12-2019 04:03:00",
            "Upvotes": 3,
            "Text": "IF they go back to previous people that owned them, no one but them knows if they will sell them or not. Overall supply is still the same, except now 1 dude doesnt control all the keys and need to sell for JPY to settle the companies debts.\n\nWill the people that held 20 BTC on MtGox at $300 each sell them now for $3500? your guess is as good as anyone elses.",
            "Edited?": false,
            "Is Submitter?": false,
            "Stickied?": false
        }
    ],
    "egald58": [
        {
            "Parent ID": "t1_egaimup",
            "Comment ID": "egald58",
            "Author": "ChapDog",
            "Date Created": "02-12-2019 03:13:50",
            "Upvotes": 2,
            "Text": "I'm pretty sure there was news the other day that showed that a lot of Mt Gox coins were sold onto the market starting in Dec of 2017 and all the way through 2018 which is what caused the steep decline in price. And I think the 2 guys that did it are done selling now so that should be bullish. That's a short summarization from my bad memory but you could look it up. ",
            "Edited?": false,
            "Is Submitter?": false,
            "Stickied?": false
        }
    ],
    "egczhbh": [
        {
            "Parent ID": "t1_egaimup",
            "Comment ID": "egczhbh",
            "Author": "area51perp",
            "Date Created": "02-12-2019 23:12:04",
            "Upvotes": 1,
            "Text": "I don't understand why they would sell. Pretty much lost money. Why sell now close to it's new 5+ year low when they have already had it so long. Plus, this will give them more conference in Bitcoin when they actually have a choice to sell it.",
            "Edited?": false,
            "Is Submitter?": false,
            "Stickied?": false
        }
    ],
    "egat2hk": [
        {
            "Parent ID": "t1_egaocae",
            "Comment ID": "egat2hk",
            "Author": "TheGreatMuffin",
            "Date Created": "02-12-2019 06:47:09",
            "Upvotes": 1,
            "Text": "Most of them are addicted to Twitter, so you can spam them there anyway ;)",
            "Edited?": false,
            "Is Submitter?": false,
            "Stickied?": false
        }
    ],
    "egbyg5k": [
        {
            "Parent ID": "t1_egbkh37",
            "Comment ID": "egbyg5k",
            "Author": "acousticcoupler",
            "Date Created": "02-12-2019 15:40:14",
            "Upvotes": 3,
            "Text": "https://github.com/bitcoin/bitcoin/graphs/contributors",
            "Edited?": false,
            "Is Submitter?": false,
            "Stickied?": false
        }
    ],
    "egbvuxl": [
        {
            "Parent ID": "t1_egbkh37",
            "Comment ID": "egbvuxl",
            "Author": "cryptogrip",
            "Date Created": "02-12-2019 15:12:09",
            "Upvotes": -2,
            "Text": "Your knowledge of open source development is on par with your knowledge of the English language. ",
            "Edited?": false,
            "Is Submitter?": false,
            "Stickied?": false
        }
    ],
    "egat4go": [
        {
            "Parent ID": "t1_egardw0",
            "Comment ID": "egat4go",
            "Author": "Spykwak",
            "Date Created": "02-12-2019 06:48:27",
            "Upvotes": 4,
            "Text": "This is a BTC sub you know right?",
            "Edited?": false,
            "Is Submitter?": false,
            "Stickied?": false
        }
    ],
    "egatj0j": [
        {
            "Parent ID": "t1_egardw0",
            "Comment ID": "egatj0j",
            "Author": "shakdnugz",
            "Date Created": "02-12-2019 06:57:39",
            "Upvotes": 2,
            "Text": "All launchpad icos are paid for with BNB (listings), and all launchpad icos require BNB to invest (ico sale). Its almost fraudulent.",
            "Edited?": false,
            "Is Submitter?": false,
            "Stickied?": false
        }
    ],
    "egblaa2": [
        {
            "Parent ID": "t1_egbie7o",
            "Comment ID": "egblaa2",
            "Author": "Zand_",
            "Date Created": "02-12-2019 13:15:49",
            "Upvotes": 1,
            "Text": "I\u2019m not trying to raise any alarms was simply pointing something out.\n\nOn a side note, if you look at the 6 month time frame of the total mempool size you\u2019ll see we hit a peak sometime yesterday ",
            "Edited?": false,
            "Is Submitter?": false,
            "Stickied?": false
        }
    ],
    "egc1wa2": [
        {
            "Parent ID": "t1_egbwdje",
            "Comment ID": "egc1wa2",
            "Author": "benziebawks",
            "Date Created": "02-12-2019 16:17:09",
            "Upvotes": 9,
            "Text": "A Bart is when the price spikes, then slightly goes up and down for a while, the falls sharply.  Thus creating a pattern resembling the head of Bart Simpson.  Bitcoin's way of telling us - Eat my shorts.",
            "Edited?": false,
            "Is Submitter?": false,
            "Stickied?": false
        }
    ],
    "egbd9j7": [
        {
            "Parent ID": "t1_egbbchp",
            "Comment ID": "egbd9j7",
            "Author": "cryptogrip",
            "Date Created": "02-12-2019 11:45:24",
            "Upvotes": 3,
            "Text": "Great explanation! Many people do not fully grasp the dire straights that the economy of Venezuela is currently in.",
            "Edited?": "02-12-2019 11:50:19",
            "Is Submitter?": false,
            "Stickied?": false
        }
    ],
    "egbhfwp": [
        {
            "Parent ID": "t1_egbbchp",
            "Comment ID": "egbhfwp",
            "Author": "Zilverdrake",
            "Date Created": "02-12-2019 12:33:15",
            "Upvotes": 2,
            "Text": "That is a bit weird to me, should it be so that a global currency should always be worth the same no matter where you are? only the price of the product that you try to buy with it should change? and as you explain it here bitcoin would be the product and not the currency?",
            "Edited?": false,
            "Is Submitter?": false,
            "Stickied?": false
        }
    ],
    "egbbm2n": [
        {
            "Parent ID": "t1_egbbchp",
            "Comment ID": "egbbm2n",
            "Author": "Poop_Shame",
            "Date Created": "02-12-2019 11:26:13",
            "Upvotes": -1,
            "Text": "Wow, no wonder the citizens of Venezuela are realizing that Bitcoin truly is the solution to all of their problems. ",
            "Edited?": false,
            "Is Submitter?": false,
            "Stickied?": false
        }
    ],
    "egbbivf": [
        {
            "Parent ID": "t1_egb2ru9",
            "Comment ID": "egbbivf",
            "Author": "curseknight",
            "Date Created": "02-12-2019 11:25:11",
            "Upvotes": 3,
            "Text": "We're counting on you, O' Great Whale!",
            "Edited?": false,
            "Is Submitter?": false,
            "Stickied?": false
        }
    ],
    "egba4r8": [
        {
            "Parent ID": "t1_egat2hk",
            "Comment ID": "egba4r8",
            "Author": "GrouchyEmployer",
            "Date Created": "02-12-2019 11:08:46",
            "Upvotes": 1,
            "Text": "Haha, cool thanks. ",
            "Edited?": false,
            "Is Submitter?": false,
            "Stickied?": false
        }
    ],
    "egata7d": [
        {
            "Parent ID": "t1_egat4go",
            "Comment ID": "egata7d",
            "Author": "major_tennis",
            "Date Created": "02-12-2019 06:52:06",
            "Upvotes": -6,
            "Text": "Sure and that's my contribution. I was slated for mentioning bnb the other day so I think I'm going to keep mentioning it when I join the daily discussions.",
            "Edited?": false,
            "Is Submitter?": false,
            "Stickied?": false
        }
    ],
    "egatmqc": [
        {
            "Parent ID": "t1_egatj0j",
            "Comment ID": "egatmqc",
            "Author": "major_tennis",
            "Date Created": "02-12-2019 07:00:00",
            "Upvotes": 1,
            "Text": "thats just the price of good business. If you held bnb you'd see that as a + ",
            "Edited?": false,
            "Is Submitter?": false,
            "Stickied?": false
        }
    ],
    "egbpxh7": [
        {
            "Parent ID": "t1_egblaa2",
            "Comment ID": "egbpxh7",
            "Author": "Subfolded",
            "Date Created": "02-12-2019 14:06:24",
            "Upvotes": 1,
            "Text": "It looks like whatever it is, it just finally cleared out? Seems like a spam in the 7-8sat/byte range\n\n[https://i.imgur.com/lcdOyxo.png](https://i.imgur.com/lcdOyxo.png)",
            "Edited?": false,
            "Is Submitter?": false,
            "Stickied?": false
        }
    ],
    "egbtyba": [
        {
            "Parent ID": "t1_egbhfwp",
            "Comment ID": "egbtyba",
            "Author": "Nursing_guy",
            "Date Created": "02-12-2019 14:51:10",
            "Upvotes": 2,
            "Text": "You are confusing global currency with global market. Even in a global market local conditions affect local prices. Since the conditions in the USA mean that we always have access to an exchange all prices have to compete on the free market with that exchange. In Venezuela they do not have access to the exchange so the price reflects that lack of competition squeezing on the supply. This affects all asset based global markets.",
            "Edited?": false,
            "Is Submitter?": false,
            "Stickied?": false
        }
    ],
    "egbxmiu": [
        {
            "Parent ID": "t1_egbhfwp",
            "Comment ID": "egbxmiu",
            "Author": "curseknight",
            "Date Created": "02-12-2019 15:31:23",
            "Upvotes": 2,
            "Text": "It's true that BTC's market value is in sync across most of the world, but not every country has easy means of acquisition of BTC (e.g. exchange services), not every government accepts it, and not every country has stability in fiat. These are some of the factors that create a closed market with a higher price than the answer you get on Google when you type \"bitcoin price\".",
            "Edited?": false,
            "Is Submitter?": false,
            "Stickied?": false
        }
    ],
    "egbeazr": [
        {
            "Parent ID": "t1_egbbm2n",
            "Comment ID": "egbeazr",
            "Author": "[deleted]",
            "Date Created": "02-12-2019 11:57:24",
            "Upvotes": 3,
            "Text": "[deleted]",
            "Edited?": false,
            "Is Submitter?": false,
            "Stickied?": false
        }
    ],
    "egbxy6m": [
        {
            "Parent ID": "t1_egbbm2n",
            "Comment ID": "egbxy6m",
            "Author": "curseknight",
            "Date Created": "02-12-2019 15:34:54",
            "Upvotes": 1,
            "Text": "In Venezuela, fiat is shit. Bitcoin represents a safe haven to them (although it's NOT a safe haven), and freedom from the slimy hands of their \"government\" (cannot be seized).",
            "Edited?": false,
            "Is Submitter?": false,
            "Stickied?": false
        }
    ],
    "egatd3w": [
        {
            "Parent ID": "t1_egata7d",
            "Comment ID": "egatd3w",
            "Author": "MikeLittorice",
            "Date Created": "02-12-2019 06:53:56",
            "Upvotes": 6,
            "Text": "Yeah that's going to last long... ",
            "Edited?": false,
            "Is Submitter?": false,
            "Stickied?": false
        }
    ],
    "egegifa": [
        {
            "Parent ID": "t1_egata7d",
            "Comment ID": "egegifa",
            "Author": "Spykwak",
            "Date Created": "02-13-2019 14:02:25",
            "Upvotes": 1,
            "Text": "Maybe there are bnb sub out there ... go talk about it there :-)",
            "Edited?": "02-13-2019 14:11:52",
            "Is Submitter?": false,
            "Stickied?": false
        }
    ],
    "egbq291": [
        {
            "Parent ID": "t1_egbpxh7",
            "Comment ID": "egbq291",
            "Author": "Subfolded",
            "Date Created": "02-12-2019 14:07:52",
            "Upvotes": 1,
            "Text": "All 3 zoomed out a few days, note the unusually large single band that finally died off in the last 2 charts: (Unconfirmed Tx, Pending Tx fee in BTC, Mempool size in MB\n\n[https://i.imgur.com/OlCzFE4.png](https://i.imgur.com/OlCzFE4.png)",
            "Edited?": false,
            "Is Submitter?": false,
            "Stickied?": false
        }
    ],
    "egby6h1": [
        {
            "Parent ID": "t1_egbeazr",
            "Comment ID": "egby6h1",
            "Author": "curseknight",
            "Date Created": "02-12-2019 15:37:22",
            "Upvotes": 2,
            "Text": "For Venezuela to recover from its current situation, it would take decades. Any Venezuelan holding BTC can count themselves lucky.",
            "Edited?": false,
            "Is Submitter?": false,
            "Stickied?": false
        }
    ],
    "egbjy8j": [
        {
            "Parent ID": "t1_egbeazr",
            "Comment ID": "egbjy8j",
            "Author": "Poop_Shame",
            "Date Created": "02-12-2019 13:01:02",
            "Upvotes": -1,
            "Text": "Until they lose their life savings due to a hack or exit scam. ",
            "Edited?": false,
            "Is Submitter?": false,
            "Stickied?": false
        }
    ],
    "egatfje": [
        {
            "Parent ID": "t1_egatd3w",
            "Comment ID": "egatfje",
            "Author": "major_tennis",
            "Date Created": "02-12-2019 06:55:26",
            "Upvotes": -4,
            "Text": "lets see",
            "Edited?": false,
            "Is Submitter?": false,
            "Stickied?": false
        }
    ],
    "egbk4nk": [
        {
            "Parent ID": "t1_egbjy8j",
            "Comment ID": "egbk4nk",
            "Author": "QingHouFeng",
            "Date Created": "02-12-2019 13:03:02",
            "Upvotes": 4,
            "Text": "They lose life saving to hyperinflation anyway",
            "Edited?": false,
            "Is Submitter?": false,
            "Stickied?": false
        }
    ],
    "egbkbcn": [
        {
            "Parent ID": "t1_egbk4nk",
            "Comment ID": "egbkbcn",
            "Author": "Poop_Shame",
            "Date Created": "02-12-2019 13:05:07",
            "Upvotes": -1,
            "Text": "Might as well lose it to hackers and scammers then instead huh?",
            "Edited?": false,
            "Is Submitter?": false,
            "Stickied?": false
        }
    ],
    "egbm67d": [
        {
            "Parent ID": "t1_egbkbcn",
            "Comment ID": "egbm67d",
            "Author": "QingHouFeng",
            "Date Created": "02-12-2019 13:25:30",
            "Upvotes": 2,
            "Text": "If they use proper fiat gateway and safely store private key they won\u2019t.\n\nHacking and scammer is a very small minor percentage ",
            "Edited?": false,
            "Is Submitter?": false,
            "Stickied?": false
        }
    ]
}