{
    "dzxq21v": [
        {
            "Parent ID": "t3_8nqfyk",
            "Comment ID": "dzxq21v",
            "Author": "[deleted]",
            "Date Created": "06-01-2018 08:32:35",
            "Upvotes": 4,
            "Text": "Good for Bitcoin.",
            "Edited?": false,
            "Is Submitter?": false,
            "Stickied?": false
        }
    ],
    "dzxmf4b": [
        {
            "Parent ID": "t3_8nqfyk",
            "Comment ID": "dzxmf4b",
            "Author": "inalittlebox",
            "Date Created": "06-01-2018 07:03:12",
            "Upvotes": 3,
            "Text": "Hmm very curious as to what this day will bring. The market seems more hesitant than I thought it would be but maybe that's a good sign somehow.",
            "Edited?": false,
            "Is Submitter?": false,
            "Stickied?": false
        }
    ],
    "dzxpykp": [
        {
            "Parent ID": "t3_8nqfyk",
            "Comment ID": "dzxpykp",
            "Author": "crayzcrinkle",
            "Date Created": "06-01-2018 08:30:32",
            "Upvotes": 3,
            "Text": "Do the Bart man! ",
            "Edited?": false,
            "Is Submitter?": false,
            "Stickied?": false
        }
    ],
    "dzyrs2c": [
        {
            "Parent ID": "t3_8nqfyk",
            "Comment ID": "dzyrs2c",
            "Author": "thomaso1233",
            "Date Created": "06-01-2018 18:21:01",
            "Upvotes": 3,
            "Text": "so tripple bottom (7100, 7300, 7400) completed. should be a breakout soon",
            "Edited?": false,
            "Is Submitter?": false,
            "Stickied?": false
        }
    ],
    "dzzgrw4": [
        {
            "Parent ID": "t3_8nqfyk",
            "Comment ID": "dzzgrw4",
            "Author": "[deleted]",
            "Date Created": "06-02-2018 03:55:14",
            "Upvotes": 2,
            "Text": "Highest it's been for 9 days.\n\nPumpy wump.",
            "Edited?": false,
            "Is Submitter?": false,
            "Stickied?": false
        }
    ],
    "dzxl5x9": [
        {
            "Parent ID": "t3_8nqfyk",
            "Comment ID": "dzxl5x9",
            "Author": "BitcoinAlways",
            "Date Created": "06-01-2018 06:24:04",
            "Upvotes": 3,
            "Text": "Would be good to see a decent increase today to start the month in a positive way.",
            "Edited?": false,
            "Is Submitter?": false,
            "Stickied?": false
        }
    ],
    "dzxpfm6": [
        {
            "Parent ID": "t3_8nqfyk",
            "Comment ID": "dzxpfm6",
            "Author": "maestro_7",
            "Date Created": "06-01-2018 08:19:20",
            "Upvotes": 2,
            "Text": "What a dump. Shit. It\u2019s a bull trap.",
            "Edited?": false,
            "Is Submitter?": false,
            "Stickied?": false
        }
    ],
    "dzxzlge": [
        {
            "Parent ID": "t3_8nqfyk",
            "Comment ID": "dzxzlge",
            "Author": "verycrazyone",
            "Date Created": "06-01-2018 11:15:54",
            "Upvotes": 0,
            "Text": "[Web traffic](https://www.reddit.com/r/Bitcoin/comments/8n72ap/daily_discussion_may_30_2018/dzuphep) to crypto sites is down, and falling fast. \n\nThe price movement is a complete joke, blatant manipulation.",
            "Edited?": false,
            "Is Submitter?": false,
            "Stickied?": false
        }
    ],
    "dzxsl1e": [
        {
            "Parent ID": "t3_8nqfyk",
            "Comment ID": "dzxsl1e",
            "Author": "maestro_7",
            "Date Created": "06-01-2018 09:22:32",
            "Upvotes": 1,
            "Text": "God please \ud83d\ude4f\ud83c\udffb Just one more bull run to 9k to give us a chance of breaking even. Then make a 2 year bear market I don\u2019t care. Just give me a chance to exit. Sincerely, your child.",
            "Edited?": false,
            "Is Submitter?": false,
            "Stickied?": false
        }
    ],
    "dzxopyy": [
        {
            "Parent ID": "t3_8nqfyk",
            "Comment ID": "dzxopyy",
            "Author": "berningsteve",
            "Date Created": "06-01-2018 08:02:59",
            "Upvotes": 1,
            "Text": "Its not about price, its about adoption.  IF high price stands in the way of adoption, then the price should go down for everyone's best interest.",
            "Edited?": false,
            "Is Submitter?": false,
            "Stickied?": false
        }
    ],
    "dzxrkhg": [
        {
            "Parent ID": "t3_8nqfyk",
            "Comment ID": "dzxrkhg",
            "Author": "[deleted]",
            "Date Created": "06-01-2018 09:03:14",
            "Upvotes": 1,
            "Text": "[deleted]",
            "Edited?": false,
            "Is Submitter?": false,
            "Stickied?": false
        }
    ],
    "dzy61nh": [
        {
            "Parent ID": "t3_8nqfyk",
            "Comment ID": "dzy61nh",
            "Author": "rootbeerspin",
            "Date Created": "06-01-2018 12:48:41",
            "Upvotes": 1,
            "Text": "Can someone make bitcoin meme with Lebron crying. ",
            "Edited?": false,
            "Is Submitter?": false,
            "Stickied?": false
        }
    ],
    "dzyad3u": [
        {
            "Parent ID": "t3_8nqfyk",
            "Comment ID": "dzyad3u",
            "Author": "[deleted]",
            "Date Created": "06-01-2018 13:50:16",
            "Upvotes": 1,
            "Text": "[deleted]",
            "Edited?": false,
            "Is Submitter?": false,
            "Stickied?": false
        }
    ],
    "dzz15vr": [
        {
            "Parent ID": "t3_8nqfyk",
            "Comment ID": "dzz15vr",
            "Author": "Destin0",
            "Date Created": "06-01-2018 21:18:19",
            "Upvotes": 1,
            "Text": "Monthly MACD looks very bad I think. What do u think?",
            "Edited?": false,
            "Is Submitter?": false,
            "Stickied?": false
        }
    ],
    "dzzh380": [
        {
            "Parent ID": "t3_8nqfyk",
            "Comment ID": "dzzh380",
            "Author": "TheBlueH",
            "Date Created": "06-02-2018 04:07:35",
            "Upvotes": 1,
            "Text": "Are we reaching 8k before the week ends?",
            "Edited?": false,
            "Is Submitter?": false,
            "Stickied?": false
        }
    ],
    "dzxj538": [
        {
            "Parent ID": "t3_8nqfyk",
            "Comment ID": "dzxj538",
            "Author": "_I_O_T_A_",
            "Date Created": "06-01-2018 05:12:42",
            "Upvotes": 1,
            "Text": "First; two days in a row, must be a sign....",
            "Edited?": false,
            "Is Submitter?": false,
            "Stickied?": false
        }
    ],
    "dzxjfq8": [
        {
            "Parent ID": "t3_8nqfyk",
            "Comment ID": "dzxjfq8",
            "Author": "patricklim92",
            "Date Created": "06-01-2018 05:23:44",
            "Upvotes": 1,
            "Text": "10k first , or 5k first? Vote now! ",
            "Edited?": false,
            "Is Submitter?": false,
            "Stickied?": false
        }
    ],
    "dzxpery": [
        {
            "Parent ID": "t3_8nqfyk",
            "Comment ID": "dzxpery",
            "Author": "LemosineRidin",
            "Date Created": "06-01-2018 08:18:49",
            "Upvotes": 1,
            "Text": "This is so just gross ",
            "Edited?": false,
            "Is Submitter?": false,
            "Stickied?": false
        }
    ],
    "dzxtbh8": [
        {
            "Parent ID": "t3_8nqfyk",
            "Comment ID": "dzxtbh8",
            "Author": "[deleted]",
            "Date Created": "06-01-2018 09:35:46",
            "Upvotes": 1,
            "Text": "Has anyone bought some BTCC yet (the benign scam of Roger's scam?)\n\nI'm in for a hundred USD just to show support.\n\nIt could even do rather well.",
            "Edited?": false,
            "Is Submitter?": false,
            "Stickied?": false
        }
    ],
    "dzya3jx": [
        {
            "Parent ID": "t3_8nqfyk",
            "Comment ID": "dzya3jx",
            "Author": "[deleted]",
            "Date Created": "06-01-2018 13:46:27",
            "Upvotes": 1,
            "Text": "As someone who uses Bitcoin and as someone who accepts Bitcion at their business, I'm loving the stability of the coin lately. However, with that said, I can't wait for Chinese New Year. :\\) :\\) :\\)",
            "Edited?": false,
            "Is Submitter?": false,
            "Stickied?": false
        }
    ],
    "dzyj1nm": [
        {
            "Parent ID": "t3_8nqfyk",
            "Comment ID": "dzyj1nm",
            "Author": "tnap4",
            "Date Created": "06-01-2018 15:58:23",
            "Upvotes": 1,
            "Text": "Hi guys, I still have some bitcoin in a couple of paper wallets that don't have SegWit addresses. Will the old/legacy addresses no longer work soon or there's no deadline for me to move them to a SegWit address in the future? Do I need to move them now? Sorry if it's a stupid question ",
            "Edited?": false,
            "Is Submitter?": false,
            "Stickied?": false
        }
    ],
    "dzxpmm6": [
        {
            "Parent ID": "t3_8nqfyk",
            "Comment ID": "dzxpmm6",
            "Author": "inalittlebox",
            "Date Created": "06-01-2018 08:23:31",
            "Upvotes": -1,
            "Text": "Make up your damn mind shitcoin.",
            "Edited?": false,
            "Is Submitter?": false,
            "Stickied?": false
        }
    ],
    "dzxooav": [
        {
            "Parent ID": "t3_8nqfyk",
            "Comment ID": "dzxooav",
            "Author": "slippery_turd",
            "Date Created": "06-01-2018 08:01:51",
            "Upvotes": -1,
            "Text": "Are you fucking kidding me?  These Asian assholes need to go away.\n\n",
            "Edited?": false,
            "Is Submitter?": false,
            "Stickied?": false
        }
    ],
    "dzxtoj1": [
        {
            "Parent ID": "t3_8nqfyk",
            "Comment ID": "dzxtoj1",
            "Author": "[deleted]",
            "Date Created": "06-01-2018 09:42:09",
            "Upvotes": -2,
            "Text": "[removed]",
            "Edited?": false,
            "Is Submitter?": false,
            "Stickied?": false
        }
    ],
    "dzxn4ac": [
        {
            "Parent ID": "t3_8nqfyk",
            "Comment ID": "dzxn4ac",
            "Author": "minReddit",
            "Date Created": "06-01-2018 07:22:38",
            "Upvotes": -1,
            "Text": "I bet that the 100 investors institutional locked in da room will dump the market 2 hours later.",
            "Edited?": false,
            "Is Submitter?": false,
            "Stickied?": false
        }
    ],
    "dzygdv0": [
        {
            "Parent ID": "t3_8nqfyk",
            "Comment ID": "dzygdv0",
            "Author": "Ionlyventinthisacc",
            "Date Created": "06-01-2018 15:18:33",
            "Upvotes": -1,
            "Text": "I can't thank myself enough for deciding to spend my $20k in savings on a CD instead of bitcoins. At least I won't have to worry about losing 75% of my money in 6 months. Pft",
            "Edited?": false,
            "Is Submitter?": false,
            "Stickied?": false
        }
    ],
    "dzxtv6y": [
        {
            "Parent ID": "t3_8nqfyk",
            "Comment ID": "dzxtv6y",
            "Author": "BitcoinAlways",
            "Date Created": "06-01-2018 09:45:17",
            "Upvotes": 0,
            "Text": "**Come On Bulls, these are crucial times!**",
            "Edited?": false,
            "Is Submitter?": false,
            "Stickied?": false
        }
    ],
    "dzxji7p": [
        {
            "Parent ID": "t3_8nqfyk",
            "Comment ID": "dzxji7p",
            "Author": "RareDollars",
            "Date Created": "06-01-2018 05:26:20",
            "Upvotes": -5,
            "Text": "12-15K IN june. altoins will  explode 5x-10x up.",
            "Edited?": false,
            "Is Submitter?": false,
            "Stickied?": false
        }
    ],
    "dzxoc7m": [
        {
            "Parent ID": "t1_dzxmf4b",
            "Comment ID": "dzxoc7m",
            "Author": "beursdummy",
            "Date Created": "06-01-2018 07:53:46",
            "Upvotes": 1,
            "Text": "it just brought a big dump 1 minute ago :)",
            "Edited?": false,
            "Is Submitter?": false,
            "Stickied?": false
        }
    ],
    "dzye37q": [
        {
            "Parent ID": "t1_dzxpykp",
            "Comment ID": "dzye37q",
            "Author": "clevariant",
            "Date Created": "06-01-2018 14:44:43",
            "Upvotes": 1,
            "Text": "Yo!  Hey, what's happening, dude?",
            "Edited?": false,
            "Is Submitter?": false,
            "Stickied?": false
        }
    ],
    "dzzhnic": [
        {
            "Parent ID": "t1_dzyrs2c",
            "Comment ID": "dzzhnic",
            "Author": "[deleted]",
            "Date Created": "06-02-2018 04:30:19",
            "Upvotes": 1,
            "Text": "trippple?",
            "Edited?": false,
            "Is Submitter?": false,
            "Stickied?": false
        }
    ],
    "dzy0zet": [
        {
            "Parent ID": "t1_dzxzlge",
            "Comment ID": "dzy0zet",
            "Author": "[deleted]",
            "Date Created": "06-01-2018 11:36:10",
            "Upvotes": 1,
            "Text": "No, a bear market is here. Time to hibernate",
            "Edited?": false,
            "Is Submitter?": false,
            "Stickied?": false
        }
    ],
    "dzy13l5": [
        {
            "Parent ID": "t1_dzxzlge",
            "Comment ID": "dzy13l5",
            "Author": "Mickelerus",
            "Date Created": "06-01-2018 11:37:48",
            "Upvotes": 1,
            "Text": "\nI keep saying that the biggest manipulators are the trading platforms. They slowly empty people",
            "Edited?": false,
            "Is Submitter?": false,
            "Stickied?": false
        }
    ],
    "dzy3xkh": [
        {
            "Parent ID": "t1_dzxzlge",
            "Comment ID": "dzy3xkh",
            "Author": "[deleted]",
            "Date Created": "06-01-2018 12:18:37",
            "Upvotes": 0,
            "Text": "Keep spamming the same shit kiddo",
            "Edited?": false,
            "Is Submitter?": false,
            "Stickied?": false
        }
    ],
    "dzxt5u6": [
        {
            "Parent ID": "t1_dzxsl1e",
            "Comment ID": "dzxt5u6",
            "Author": "[deleted]",
            "Date Created": "06-01-2018 09:33:01",
            "Upvotes": 3,
            "Text": "Hodl, then hodl at 9k and beyond.\n\nCrypto isn't going to disappear, and BTC is the gold standard crypto.\n\nErgo, BTC is here to stay.",
            "Edited?": false,
            "Is Submitter?": false,
            "Stickied?": false
        }
    ],
    "dzxteoc": [
        {
            "Parent ID": "t1_dzxrkhg",
            "Comment ID": "dzxteoc",
            "Author": "[deleted]",
            "Date Created": "06-01-2018 09:37:23",
            "Upvotes": 1,
            "Text": "It is showing remarkable resilience.",
            "Edited?": false,
            "Is Submitter?": false,
            "Stickied?": false
        }
    ],
    "dzy9ioq": [
        {
            "Parent ID": "t1_dzy61nh",
            "Comment ID": "dzy9ioq",
            "Author": "_I_O_T_A_",
            "Date Created": "06-01-2018 13:38:01",
            "Upvotes": 2,
            "Text": "[Lebron Crying](https://imgur.com/eUHf01u)\n",
            "Edited?": "06-01-2018 13:43:45",
            "Is Submitter?": false,
            "Stickied?": false
        }
    ],
    "dzylebv": [
        {
            "Parent ID": "t1_dzyad3u",
            "Comment ID": "dzylebv",
            "Author": "paleolithic",
            "Date Created": "06-01-2018 16:34:11",
            "Upvotes": 1,
            "Text": "It will until it doesn't.  But it looks better than it has in a while.",
            "Edited?": false,
            "Is Submitter?": false,
            "Stickied?": false
        }
    ],
    "dzzk29k": [
        {
            "Parent ID": "t1_dzzh380",
            "Comment ID": "dzzk29k",
            "Author": "BitcoinAlways",
            "Date Created": "06-02-2018 06:12:27",
            "Upvotes": 1,
            "Text": "Hopefully.",
            "Edited?": false,
            "Is Submitter?": false,
            "Stickied?": false
        }
    ],
    "dzxnhrw": [
        {
            "Parent ID": "t1_dzxj538",
            "Comment ID": "dzxnhrw",
            "Author": "[deleted]",
            "Date Created": "06-01-2018 07:32:31",
            "Upvotes": 1,
            "Text": "Because the rest isnt childish enough to post first",
            "Edited?": false,
            "Is Submitter?": false,
            "Stickied?": false
        }
    ],
    "dzxjept": [
        {
            "Parent ID": "t1_dzxj538",
            "Comment ID": "dzxjept",
            "Author": "stripiesttable",
            "Date Created": "06-01-2018 05:22:40",
            "Upvotes": 0,
            "Text": "Go outside bro :p",
            "Edited?": false,
            "Is Submitter?": false,
            "Stickied?": false
        }
    ],
    "dzxn2g7": [
        {
            "Parent ID": "t1_dzxjfq8",
            "Comment ID": "dzxn2g7",
            "Author": "abeish11",
            "Date Created": "06-01-2018 07:21:13",
            "Upvotes": 2,
            "Text": "7.5 \\-8k doubt we will move much",
            "Edited?": false,
            "Is Submitter?": false,
            "Stickied?": false
        }
    ],
    "dzxjz15": [
        {
            "Parent ID": "t1_dzxjfq8",
            "Comment ID": "dzxjz15",
            "Author": "BitcoinAlways",
            "Date Created": "06-01-2018 05:43:12",
            "Upvotes": 0,
            "Text": "I like to think that we will never go as low as $5k ever again.",
            "Edited?": false,
            "Is Submitter?": false,
            "Stickied?": false
        }
    ],
    "dzxk488": [
        {
            "Parent ID": "t1_dzxjfq8",
            "Comment ID": "dzxk488",
            "Author": "manhill",
            "Date Created": "06-01-2018 05:48:24",
            "Upvotes": 0,
            "Text": "never again under 7k from now on. just my guess.",
            "Edited?": false,
            "Is Submitter?": false,
            "Stickied?": false
        }
    ],
    "dzxjti8": [
        {
            "Parent ID": "t1_dzxjfq8",
            "Comment ID": "dzxjti8",
            "Author": "bbyven4life",
            "Date Created": "06-01-2018 05:37:42",
            "Upvotes": -1,
            "Text": "idk, 5k seems more likely",
            "Edited?": false,
            "Is Submitter?": false,
            "Stickied?": false
        }
    ],
    "dzxl611": [
        {
            "Parent ID": "t1_dzxjfq8",
            "Comment ID": "dzxl611",
            "Author": "constantin_md",
            "Date Created": "06-01-2018 06:24:11",
            "Upvotes": -1,
            "Text": "the least resistance is to the downside at the moment. Maybe not 5k, but ~6.5k is very likely. ",
            "Edited?": false,
            "Is Submitter?": false,
            "Stickied?": false
        }
    ],
    "dzxtob0": [
        {
            "Parent ID": "t1_dzxtbh8",
            "Comment ID": "dzxtob0",
            "Author": "Fallenkeith75",
            "Date Created": "06-01-2018 09:42:02",
            "Upvotes": 1,
            "Text": "is there an airdrop for this?\n\n",
            "Edited?": false,
            "Is Submitter?": false,
            "Stickied?": false
        }
    ],
    "dzynrkx": [
        {
            "Parent ID": "t1_dzyj1nm",
            "Comment ID": "dzynrkx",
            "Author": "tofuspider",
            "Date Created": "06-01-2018 17:12:01",
            "Upvotes": 1,
            "Text": "No deadline. Legacy addresses will still work. Segwit is backwards compatible to the Bitcoin network. ",
            "Edited?": false,
            "Is Submitter?": false,
            "Stickied?": false
        }
    ],
    "dzxpyz4": [
        {
            "Parent ID": "t1_dzxpmm6",
            "Comment ID": "dzxpyz4",
            "Author": "berningsteve",
            "Date Created": "06-01-2018 08:30:48",
            "Upvotes": 1,
            "Text": "its trying to, but people keep buying the dips anyway",
            "Edited?": false,
            "Is Submitter?": false,
            "Stickied?": false
        }
    ],
    "dzxu22u": [
        {
            "Parent ID": "t1_dzxtoj1",
            "Comment ID": "dzxu22u",
            "Author": "Holographiks",
            "Date Created": "06-01-2018 09:48:32",
            "Upvotes": 4,
            "Text": "Trolls like you make me cringe...",
            "Edited?": false,
            "Is Submitter?": false,
            "Stickied?": false
        }
    ],
    "dzxolch": [
        {
            "Parent ID": "t1_dzxn4ac",
            "Comment ID": "dzxolch",
            "Author": "[deleted]",
            "Date Created": "06-01-2018 07:59:54",
            "Upvotes": 0,
            "Text": "[deleted]",
            "Edited?": "06-01-2018 10:45:28",
            "Is Submitter?": false,
            "Stickied?": false
        }
    ],
    "dzyj56w": [
        {
            "Parent ID": "t1_dzygdv0",
            "Comment ID": "dzyj56w",
            "Author": "tnap4",
            "Date Created": "06-01-2018 15:59:51",
            "Upvotes": 2,
            "Text": "Well that's dumb cuz you could've at least put them in $VOO or even $VGT. CD's.. might as well put them under your bed",
            "Edited?": false,
            "Is Submitter?": false,
            "Stickied?": false
        }
    ],
    "dzynqv4": [
        {
            "Parent ID": "t1_dzygdv0",
            "Comment ID": "dzynqv4",
            "Author": "Perfectiondick",
            "Date Created": "06-01-2018 17:11:42",
            "Upvotes": 2,
            "Text": "that 2&#37; interest ",
            "Edited?": false,
            "Is Submitter?": false,
            "Stickied?": false
        }
    ],
    "dzxu04x": [
        {
            "Parent ID": "t1_dzxtv6y",
            "Comment ID": "dzxu04x",
            "Author": "Mickelerus",
            "Date Created": "06-01-2018 09:47:38",
            "Upvotes": 2,
            "Text": "i hear that for months",
            "Edited?": false,
            "Is Submitter?": false,
            "Stickied?": false
        }
    ],
    "dzxotrn": [
        {
            "Parent ID": "t1_dzxji7p",
            "Comment ID": "dzxotrn",
            "Author": "RareDollars",
            "Date Created": "06-01-2018 08:05:31",
            "Upvotes": 1,
            "Text": "100k end of the year",
            "Edited?": false,
            "Is Submitter?": false,
            "Stickied?": false
        }
    ],
    "dzxs656": [
        {
            "Parent ID": "t1_dzxji7p",
            "Comment ID": "dzxs656",
            "Author": "Stayathomepyrat",
            "Date Created": "06-01-2018 09:14:53",
            "Upvotes": 1,
            "Text": "this is sarcasm, right?",
            "Edited?": false,
            "Is Submitter?": false,
            "Stickied?": false
        }
    ],
    "dzxoqc8": [
        {
            "Parent ID": "t1_dzxoc7m",
            "Comment ID": "dzxoqc8",
            "Author": "inalittlebox",
            "Date Created": "06-01-2018 08:03:13",
            "Upvotes": 1,
            "Text": "Good for you. I should have done the same. I already had a weird feeling about this...",
            "Edited?": false,
            "Is Submitter?": false,
            "Stickied?": false
        }
    ],
    "dzy1tl1": [
        {
            "Parent ID": "t1_dzy0zet",
            "Comment ID": "dzy1tl1",
            "Author": "Mickelerus",
            "Date Created": "06-01-2018 11:48:12",
            "Upvotes": 0,
            "Text": "they are the bears and the bulls;) you think they can only live on the fees. they trade with each coin you parked in their wallet. Make agreements with each other when pumping and dumping",
            "Edited?": false,
            "Is Submitter?": false,
            "Stickied?": false
        }
    ],
    "dzy52n5": [
        {
            "Parent ID": "t1_dzy13l5",
            "Comment ID": "dzy52n5",
            "Author": "verycrazyone",
            "Date Created": "06-01-2018 12:35:06",
            "Upvotes": 1,
            "Text": "Exchanges charge fees per buy and sell, if people do not understand that the smartest thing to do is bulk buying and selling with long waiting periods thats on them",
            "Edited?": false,
            "Is Submitter?": false,
            "Stickied?": false
        }
    ],
    "dzy4vxe": [
        {
            "Parent ID": "t1_dzy3xkh",
            "Comment ID": "dzy4vxe",
            "Author": "verycrazyone",
            "Date Created": "06-01-2018 12:32:25",
            "Upvotes": 2,
            "Text": "I'm trying to post something with data to back it up without being surface level. Please post something more insightful, preferably to counter my post thank you",
            "Edited?": false,
            "Is Submitter?": false,
            "Stickied?": false
        }
    ],
    "dzxtgad": [
        {
            "Parent ID": "t1_dzxt5u6",
            "Comment ID": "dzxtgad",
            "Author": "[deleted]",
            "Date Created": "06-01-2018 09:38:09",
            "Upvotes": 1,
            "Text": "(O.K., which scamming Roger licking Bcasher* downvoted me :)\n\nOr shorter..",
            "Edited?": false,
            "Is Submitter?": false,
            "Stickied?": false
        }
    ],
    "dzy6wjt": [
        {
            "Parent ID": "t1_dzxt5u6",
            "Comment ID": "dzy6wjt",
            "Author": "stillcasey",
            "Date Created": "06-01-2018 13:00:49",
            "Upvotes": 0,
            "Text": "But for an investor, your money can grow a lot faster elsewhere. ",
            "Edited?": false,
            "Is Submitter?": false,
            "Stickied?": false
        }
    ],
    "dzyo6mm": [
        {
            "Parent ID": "t1_dzylebv",
            "Comment ID": "dzyo6mm",
            "Author": "[deleted]",
            "Date Created": "06-01-2018 17:19:04",
            "Upvotes": 1,
            "Text": "[deleted]",
            "Edited?": false,
            "Is Submitter?": false,
            "Stickied?": false
        }
    ],
    "dzxpc8y": [
        {
            "Parent ID": "t1_dzxn2g7",
            "Comment ID": "dzxpc8y",
            "Author": "hhuzar",
            "Date Created": "06-01-2018 08:17:14",
            "Upvotes": 1,
            "Text": "In the end Bitcoin will drop below 5k or go over 10k. I can't stay in between forever. So vote now, what comes first, even if it takes 6 months.",
            "Edited?": false,
            "Is Submitter?": false,
            "Stickied?": false
        }
    ],
    "dzyab9v": [
        {
            "Parent ID": "t1_dzxjti8",
            "Comment ID": "dzyab9v",
            "Author": "sgtd1179",
            "Date Created": "06-01-2018 13:49:31",
            "Upvotes": 1,
            "Text": "Each drop has created higher lows. This is highly unlikely.",
            "Edited?": false,
            "Is Submitter?": false,
            "Stickied?": false
        }
    ],
    "dzxug2c": [
        {
            "Parent ID": "t1_dzxtob0",
            "Comment ID": "dzxug2c",
            "Author": "[deleted]",
            "Date Created": "06-01-2018 09:55:10",
            "Upvotes": 1,
            "Text": "No.",
            "Edited?": false,
            "Is Submitter?": false,
            "Stickied?": false
        }
    ],
    "dzyobnz": [
        {
            "Parent ID": "t1_dzynrkx",
            "Comment ID": "dzyobnz",
            "Author": "tnap4",
            "Date Created": "06-01-2018 17:21:31",
            "Upvotes": 1,
            "Text": "You're the real MVP thank you \ud83d\udc46\ud83d\udc4f",
            "Edited?": false,
            "Is Submitter?": false,
            "Stickied?": false
        }
    ],
    "dzxq4tn": [
        {
            "Parent ID": "t1_dzxpyz4",
            "Comment ID": "dzxq4tn",
            "Author": "inalittlebox",
            "Date Created": "06-01-2018 08:34:11",
            "Upvotes": 1,
            "Text": "Well let's just all buy the bloody 6.600 dip and get this over with once and for all.",
            "Edited?": false,
            "Is Submitter?": false,
            "Stickied?": false
        }
    ],
    "dzxumrc": [
        {
            "Parent ID": "t1_dzxu22u",
            "Comment ID": "dzxumrc",
            "Author": "Mickelerus",
            "Date Created": "06-01-2018 09:58:17",
            "Upvotes": -3,
            "Text": "troll, your mother.\nI just mean that I have to laugh because I can buy more because of a fall in prices",
            "Edited?": false,
            "Is Submitter?": false,
            "Stickied?": false
        }
    ],
    "dzxp5x8": [
        {
            "Parent ID": "t1_dzxolch",
            "Comment ID": "dzxp5x8",
            "Author": "minReddit",
            "Date Created": "06-01-2018 08:13:15",
            "Upvotes": 1,
            "Text": "Haha, see? Told u",
            "Edited?": false,
            "Is Submitter?": false,
            "Stickied?": false
        }
    ],
    "dzyqnop": [
        {
            "Parent ID": "t1_dzynqv4",
            "Comment ID": "dzyqnop",
            "Author": "Ionlyventinthisacc",
            "Date Created": "06-01-2018 18:01:15",
            "Upvotes": -3,
            "Text": "Better than -75% interest.",
            "Edited?": false,
            "Is Submitter?": false,
            "Stickied?": false
        }
    ],
    "dzxudxw": [
        {
            "Parent ID": "t1_dzxu04x",
            "Comment ID": "dzxudxw",
            "Author": "BitcoinAlways",
            "Date Created": "06-01-2018 09:54:11",
            "Upvotes": 2,
            "Text": "Yep I know what you mean. ",
            "Edited?": false,
            "Is Submitter?": false,
            "Stickied?": false
        }
    ],
    "dzxtslg": [
        {
            "Parent ID": "t1_dzxotrn",
            "Comment ID": "dzxtslg",
            "Author": "Fallenkeith75",
            "Date Created": "06-01-2018 09:44:04",
            "Upvotes": 2,
            "Text": "stop lying to that poor guy! 100k is impossible, bitcoin is too good! bitcoin is going to be 1,000,012.53 on exactly Dec 31st, 2018 at 11:59:59 PM! you heard it here first folks!",
            "Edited?": "06-01-2018 11:18:14",
            "Is Submitter?": false,
            "Stickied?": false
        }
    ],
    "dzxpkly": [
        {
            "Parent ID": "t1_dzxoqc8",
            "Comment ID": "dzxpkly",
            "Author": "beursdummy",
            "Date Created": "06-01-2018 08:22:20",
            "Upvotes": 3,
            "Text": "Don't worry about it too much. This one got triggered by 7600, May 30 was by 7500 and May 28 by 7250.\nFor me it means many people are willing to buy and are pushing the dumpers to higher prices. We're winning... for the moment ;)",
            "Edited?": false,
            "Is Submitter?": false,
            "Stickied?": false
        }
    ],
    "dzyoln5": [
        {
            "Parent ID": "t1_dzyo6mm",
            "Comment ID": "dzyoln5",
            "Author": "paleolithic",
            "Date Created": "06-01-2018 17:26:10",
            "Upvotes": 1,
            "Text": "Maybe",
            "Edited?": false,
            "Is Submitter?": false,
            "Stickied?": false
        }
    ],
    "dzy12m7": [
        {
            "Parent ID": "t1_dzxug2c",
            "Comment ID": "dzy12m7",
            "Author": "[deleted]",
            "Date Created": "06-01-2018 11:37:25",
            "Upvotes": 1,
            "Text": "Where can one get this awesome cash cash?!",
            "Edited?": false,
            "Is Submitter?": false,
            "Stickied?": false
        }
    ],
    "dzyru15": [
        {
            "Parent ID": "t1_dzyqnop",
            "Comment ID": "dzyru15",
            "Author": "thomaso1233",
            "Date Created": "06-01-2018 18:22:00",
            "Upvotes": 2,
            "Text": "think longterm. invest now and youll hvae a great profit. \nbut crypto obv isnt made for you ",
            "Edited?": false,
            "Is Submitter?": false,
            "Stickied?": false
        }
    ],
    "dzzptr4": [
        {
            "Parent ID": "t1_dzyqnop",
            "Comment ID": "dzzptr4",
            "Author": "Perfectiondick",
            "Date Created": "06-02-2018 09:18:50",
            "Upvotes": 1,
            "Text": "we'll see after your CD ends ;) If you did 20k this time last year....",
            "Edited?": false,
            "Is Submitter?": false,
            "Stickied?": false
        }
    ]
}