{
    "efnfxnx": [
        {
            "Parent ID": "t3_amncg4",
            "Comment ID": "efnfxnx",
            "Author": "BashCo",
            "Date Created": "02-03-2019 05:33:30",
            "Upvotes": 1,
            "Text": "The Electrum Phishing attacks are still ongoing. Electrum users should update their software and verify the signature before installing. Do not update Electrum from any URLs found in in-app notifications. Here are two official sources.\n\n* https://electrum.org/#download\n* https://github.com/spesmilo/electrum",
            "Edited?": false,
            "Is Submitter?": false,
            "Stickied?": true
        }
    ],
    "efnkx7h": [
        {
            "Parent ID": "t3_amncg4",
            "Comment ID": "efnkx7h",
            "Author": "AIec18",
            "Date Created": "02-03-2019 07:55:55",
            "Upvotes": 6,
            "Text": "How to build a gamble site with lightning network? ",
            "Edited?": false,
            "Is Submitter?": false,
            "Stickied?": false
        }
    ],
    "efn8tqj": [
        {
            "Parent ID": "t3_amncg4",
            "Comment ID": "efn8tqj",
            "Author": "Frankich72",
            "Date Created": "02-03-2019 02:18:17",
            "Upvotes": 6,
            "Text": "They were the best of times, they were the worst of times.",
            "Edited?": false,
            "Is Submitter?": false,
            "Stickied?": false
        }
    ],
    "efnagf8": [
        {
            "Parent ID": "t3_amncg4",
            "Comment ID": "efnagf8",
            "Author": "BCash_BeTrash",
            "Date Created": "02-03-2019 02:57:52",
            "Upvotes": 4,
            "Text": "Salve Bitcoiners!\n\nI've been away recovering at the Institute.\n\nWe're headed East.  \n\nWith a bit of Northness.",
            "Edited?": false,
            "Is Submitter?": false,
            "Stickied?": false
        }
    ],
    "efn9u31": [
        {
            "Parent ID": "t3_amncg4",
            "Comment ID": "efn9u31",
            "Author": "A6Racer",
            "Date Created": "02-03-2019 02:42:19",
            "Upvotes": 5,
            "Text": "Volume is well below 2G, so brace yourselves guys. The only question left now is: north or south? ",
            "Edited?": false,
            "Is Submitter?": false,
            "Stickied?": false
        }
    ],
    "efoqyyo": [
        {
            "Parent ID": "t3_amncg4",
            "Comment ID": "efoqyyo",
            "Author": "BitcoinAlways",
            "Date Created": "02-03-2019 17:47:57",
            "Upvotes": 4,
            "Text": "Any updates on that horse shit of an article about Russia buying billions of dollars worth of Bitcoin?  ",
            "Edited?": false,
            "Is Submitter?": false,
            "Stickied?": false
        }
    ],
    "eforyrn": [
        {
            "Parent ID": "t3_amncg4",
            "Comment ID": "eforyrn",
            "Author": "BitcoinAlways",
            "Date Created": "02-03-2019 18:01:42",
            "Upvotes": 1,
            "Text": " \n\n# Bitcoin Is Now Officially In Its Longest Bear Market Ever\n\n&#x200B;\n\n[https://www.coindesk.com/bitcoins-price-longest-ever-bear-market](https://www.coindesk.com/bitcoins-price-longest-ever-bear-market)\n\n \n\nBitcoin has officially entered the longest stretch of declining prices in its\u00a010-year history.\n\nThe world\u2019s oldest and most valuable cryptocurrency achieved an all-time high of $19,764 on Dec. 17, 2017 on the CoinDesk Bitcoin Price Index and has printed a series of lower price highs ever since, making February 2 (as per UTC time), the 411th consecutive day prices have been in decline.\u00a0\n\nAs such, bitcoin\u2019s latest stretch\u00a0surpasses the duration of the infamous 2013-2015 bitcoin bear market, which spanned 410 days from its price high to low.\n\n&#x200B;\n\n**Much more within link above.**",
            "Edited?": false,
            "Is Submitter?": false,
            "Stickied?": false
        }
    ],
    "efonunr": [
        {
            "Parent ID": "t3_amncg4",
            "Comment ID": "efonunr",
            "Author": "DemonPuke",
            "Date Created": "02-03-2019 17:05:48",
            "Upvotes": 1,
            "Text": "Is it normal to take a long time for wasabi wallet to connect to the backend?  I just started learning how to use it also I get 8 peers and this reminds me a lot of Bitcoin Core and portforwarding, should i be portforwarding Wasabi wallet?",
            "Edited?": false,
            "Is Submitter?": false,
            "Stickied?": false
        }
    ],
    "efol0fl": [
        {
            "Parent ID": "t3_amncg4",
            "Comment ID": "efol0fl",
            "Author": "recyclops-robotheart",
            "Date Created": "02-03-2019 16:29:28",
            "Upvotes": 0,
            "Text": "Here we go",
            "Edited?": false,
            "Is Submitter?": false,
            "Stickied?": false
        }
    ],
    "efos658": [
        {
            "Parent ID": "t3_amncg4",
            "Comment ID": "efos658",
            "Author": "Poop_Shame",
            "Date Created": "02-03-2019 18:04:36",
            "Upvotes": -3,
            "Text": "Bitcoin always drops during the Superbowl. Get ready to pick up some cheap coins. ",
            "Edited?": false,
            "Is Submitter?": false,
            "Stickied?": false
        }
    ],
    "efnrfov": [
        {
            "Parent ID": "t3_amncg4",
            "Comment ID": "efnrfov",
            "Author": "[deleted]",
            "Date Created": "02-03-2019 10:04:43",
            "Upvotes": 0,
            "Text": "[deleted]",
            "Edited?": false,
            "Is Submitter?": false,
            "Stickied?": false
        }
    ],
    "efo7hh9": [
        {
            "Parent ID": "t3_amncg4",
            "Comment ID": "efo7hh9",
            "Author": "MoonBoyLambos",
            "Date Created": "02-03-2019 13:38:35",
            "Upvotes": 0,
            "Text": "I have an old wallet.dat from 2013 from Bitcoin Core, can I use my old adress on a mobile app or a different type of wallet or wallet.dat doesn't support seed migration?",
            "Edited?": false,
            "Is Submitter?": false,
            "Stickied?": false
        }
    ],
    "efoqnxr": [
        {
            "Parent ID": "t3_amncg4",
            "Comment ID": "efoqnxr",
            "Author": "BitcoinAlways",
            "Date Created": "02-03-2019 17:43:43",
            "Upvotes": -1,
            "Text": "During these horrible times for Bitcoin this tune helps :) \n\n Chilly Gonzales - Knight Moves\n\n&#x200B;\n\n[https://www.youtube.com/watch?v=jSfz0mlL5g8](https://www.youtube.com/watch?v=jSfz0mlL5g8)\n\n&#x200B;\n\n&#x200B;",
            "Edited?": false,
            "Is Submitter?": false,
            "Stickied?": false
        }
    ],
    "efo48xr": [
        {
            "Parent ID": "t1_efnkx7h",
            "Comment ID": "efo48xr",
            "Author": "[deleted]",
            "Date Created": "02-03-2019 12:59:30",
            "Upvotes": -8,
            "Text": "Use Ethereum, it would be easier with state channels. Same idea as lightning network just with higher throughput.",
            "Edited?": false,
            "Is Submitter?": false,
            "Stickied?": false
        }
    ],
    "efoqixx": [
        {
            "Parent ID": "t1_efn8tqj",
            "Comment ID": "efoqixx",
            "Author": "BitcoinAlways",
            "Date Created": "02-03-2019 17:41:51",
            "Upvotes": 0,
            "Text": "So true, hopefully we will get some of the best times again but it's not looking that likely at the moment.",
            "Edited?": false,
            "Is Submitter?": false,
            "Stickied?": false
        }
    ],
    "efnen27": [
        {
            "Parent ID": "t1_efnagf8",
            "Comment ID": "efnen27",
            "Author": "Zonties",
            "Date Created": "02-03-2019 04:54:37",
            "Upvotes": 1,
            "Text": "Hovering around support from spring of 2017... the way I see it is in 10 years it's either going to 100k or close to 0 lol",
            "Edited?": false,
            "Is Submitter?": false,
            "Stickied?": false
        }
    ],
    "efnnlal": [
        {
            "Parent ID": "t1_efnagf8",
            "Comment ID": "efnnlal",
            "Author": "_I_O_T_A_",
            "Date Created": "02-03-2019 08:54:38",
            "Upvotes": 1,
            "Text": "How's the nurse doing?",
            "Edited?": false,
            "Is Submitter?": false,
            "Stickied?": false
        }
    ],
    "efo06le": [
        {
            "Parent ID": "t1_efn9u31",
            "Comment ID": "efo06le",
            "Author": "[deleted]",
            "Date Created": "02-03-2019 12:07:37",
            "Upvotes": 3,
            "Text": "...you already know the answer.",
            "Edited?": false,
            "Is Submitter?": false,
            "Stickied?": false
        }
    ],
    "efo4b9k": [
        {
            "Parent ID": "t1_efn9u31",
            "Comment ID": "efo4b9k",
            "Author": "cryptogrip",
            "Date Created": "02-03-2019 13:00:15",
            "Upvotes": 3,
            "Text": "Same thing you said a month ago. Nothing happened. ",
            "Edited?": false,
            "Is Submitter?": false,
            "Stickied?": false
        }
    ],
    "efo0si5": [
        {
            "Parent ID": "t1_efn9u31",
            "Comment ID": "efo0si5",
            "Author": "tommygunz007",
            "Date Created": "02-03-2019 12:15:33",
            "Upvotes": -1,
            "Text": "If it gets down to $1k I might buy one BTC... I can afford to gamble/lose $1k money on something like this. Doubt it will go to 20k ever again, but hey you never know.",
            "Edited?": false,
            "Is Submitter?": false,
            "Stickied?": false
        }
    ],
    "efre1by": [
        {
            "Parent ID": "t1_efoqyyo",
            "Comment ID": "efre1by",
            "Author": "PanFiluta",
            "Date Created": "02-04-2019 18:53:32",
            "Upvotes": 1,
            "Text": ":o) ",
            "Edited?": false,
            "Is Submitter?": false,
            "Stickied?": false
        }
    ],
    "efpacbx": [
        {
            "Parent ID": "t1_eforyrn",
            "Comment ID": "efpacbx",
            "Author": "laninsterJr",
            "Date Created": "02-03-2019 22:23:49",
            "Upvotes": 1,
            "Text": "I guess at least it will be like couple of years until we enter bull market again..",
            "Edited?": false,
            "Is Submitter?": false,
            "Stickied?": false
        }
    ],
    "efoq821": [
        {
            "Parent ID": "t1_efonunr",
            "Comment ID": "efoq821",
            "Author": "TheGreatMuffin",
            "Date Created": "02-03-2019 17:37:41",
            "Upvotes": 1,
            "Text": "No, I don't think you need to do portforwarding for Wasabi. I also don't think it needs *that* much time to connect, but I'm not an expert on it. ",
            "Edited?": false,
            "Is Submitter?": false,
            "Stickied?": false
        }
    ],
    "efp1b8m": [
        {
            "Parent ID": "t1_efos658",
            "Comment ID": "efp1b8m",
            "Author": "cryptogrip",
            "Date Created": "02-03-2019 20:05:19",
            "Upvotes": 5,
            "Text": "I was just informed that you have set a record for the most consecutive days posting in a reddit sub for something you claim to have no stake in and also desperately attempt to mock. The only question is, should the award be made out to \"Hypocrite\" or \"Closet Hodler\"?",
            "Edited?": false,
            "Is Submitter?": false,
            "Stickied?": false
        }
    ],
    "efnw1q4": [
        {
            "Parent ID": "t1_efnrfov",
            "Comment ID": "efnw1q4",
            "Author": "Rattlesnake_Mullet",
            "Date Created": "02-03-2019 11:12:28",
            "Upvotes": 2,
            "Text": "?",
            "Edited?": false,
            "Is Submitter?": false,
            "Stickied?": false
        }
    ],
    "efnz57a": [
        {
            "Parent ID": "t1_efnrfov",
            "Comment ID": "efnz57a",
            "Author": "Poop_Shame",
            "Date Created": "02-03-2019 11:54:03",
            "Upvotes": 1,
            "Text": "This has been deep thoughts with Jack Handey. ",
            "Edited?": false,
            "Is Submitter?": false,
            "Stickied?": false
        }
    ],
    "efoci6x": [
        {
            "Parent ID": "t1_efo7hh9",
            "Comment ID": "efoci6x",
            "Author": "alsomahler",
            "Date Created": "02-03-2019 14:42:30",
            "Upvotes": 1,
            "Text": "This might help you\n\nhttps://www.reddit.com/r/Bitcoin/comments/6pfher/newbie_question_how_can_i_open_an_old_walletdat/",
            "Edited?": false,
            "Is Submitter?": false,
            "Stickied?": false
        }
    ],
    "efo920l": [
        {
            "Parent ID": "t1_efo48xr",
            "Comment ID": "efo920l",
            "Author": "TobyStyles",
            "Date Created": "02-03-2019 13:58:27",
            "Upvotes": 3,
            "Text": "Why would you want higher TPS than the thousands possible on lightning? Additionally, lightning has already been tested far more than ETH state channels.",
            "Edited?": false,
            "Is Submitter?": false,
            "Stickied?": false
        }
    ],
    "efoxbbt": [
        {
            "Parent ID": "t1_efoqixx",
            "Comment ID": "efoxbbt",
            "Author": "Crypt0Prof",
            "Date Created": "02-03-2019 19:13:55",
            "Upvotes": 1,
            "Text": "True, I also don't think that BTC will grow sharply soon.",
            "Edited?": false,
            "Is Submitter?": false,
            "Stickied?": false
        }
    ],
    "efoqnzt": [
        {
            "Parent ID": "t1_efoqixx",
            "Comment ID": "efoqnzt",
            "Author": "Frankich72",
            "Date Created": "02-03-2019 17:43:45",
            "Upvotes": 2,
            "Text": "Even the longest , harshest of winters shall pass...\nEverything shall pass...",
            "Edited?": false,
            "Is Submitter?": false,
            "Stickied?": false
        }
    ],
    "efo1buh": [
        {
            "Parent ID": "t1_efnnlal",
            "Comment ID": "efo1buh",
            "Author": "BCash_BeTrash",
            "Date Created": "02-03-2019 12:22:38",
            "Upvotes": 2,
            "Text": "She's hard to take down.  Too much body mass.  Every shot at her is a flesh wound.",
            "Edited?": false,
            "Is Submitter?": false,
            "Stickied?": false
        }
    ],
    "efph6j4": [
        {
            "Parent ID": "t1_efpacbx",
            "Comment ID": "efph6j4",
            "Author": "Chroko",
            "Date Created": "02-04-2019 00:10:43",
            "Upvotes": 1,
            "Text": "If you look at the charts, almost all Bitcoin is basically all owned by exchanges and whales. There are a lot of addresses / wallets, sure - but most have almost nothing in them.\n\nThe whales have succeeded in keeping the price high not because of demand, but by limiting supply and not selling too quickly. There are no other fundamentals.",
            "Edited?": false,
            "Is Submitter?": false,
            "Stickied?": false
        }
    ],
    "efp2qlp": [
        {
            "Parent ID": "t1_efp1b8m",
            "Comment ID": "efp2qlp",
            "Author": "Poop_Shame",
            "Date Created": "02-03-2019 20:21:26",
            "Upvotes": 2,
            "Text": "What do I win?",
            "Edited?": false,
            "Is Submitter?": false,
            "Stickied?": false
        }
    ],
    "efo2ggc": [
        {
            "Parent ID": "t1_efnz57a",
            "Comment ID": "efo2ggc",
            "Author": "TakeCrypto",
            "Date Created": "02-03-2019 12:37:23",
            "Upvotes": 2,
            "Text": "Wow. The memories that drags up",
            "Edited?": false,
            "Is Submitter?": false,
            "Stickied?": false
        }
    ],
    "efp5suo": [
        {
            "Parent ID": "t1_efoci6x",
            "Comment ID": "efp5suo",
            "Author": "MoonBoyLambos",
            "Date Created": "02-03-2019 21:11:05",
            "Upvotes": 0,
            "Text": ">Just remember to send everything from imported address to some new address that belongs to you \n\nAs I read in this topic I can generate the seed just like in modern altcoins by dumping via command but that guy says to send the coins to new wallet but he didn't use any arguments, that means an old wallet won't work properly on a modern app wallet or any other non-bitcoin core desktop wallets?",
            "Edited?": false,
            "Is Submitter?": false,
            "Stickied?": false
        }
    ],
    "efoaauq": [
        {
            "Parent ID": "t1_efo920l",
            "Comment ID": "efoaauq",
            "Author": "[deleted]",
            "Date Created": "02-03-2019 14:14:25",
            "Upvotes": -8,
            "Text": "Plasma could allow for millions of transactions per second. Why settle for just thousands?",
            "Edited?": false,
            "Is Submitter?": false,
            "Stickied?": false
        }
    ],
    "efow655": [
        {
            "Parent ID": "t1_efoqnzt",
            "Comment ID": "efow655",
            "Author": "BitcoinAlways",
            "Date Created": "02-03-2019 18:58:37",
            "Upvotes": 1,
            "Text": "I really hope so :) ",
            "Edited?": false,
            "Is Submitter?": false,
            "Stickied?": false
        }
    ],
    "efphj44": [
        {
            "Parent ID": "t1_efph6j4",
            "Comment ID": "efphj44",
            "Author": "damchi",
            "Date Created": "02-04-2019 00:16:47",
            "Upvotes": 1,
            "Text": "https://m.imgur.com/t/memes/tC5uumk",
            "Edited?": false,
            "Is Submitter?": false,
            "Stickied?": false
        }
    ],
    "efphyr7": [
        {
            "Parent ID": "t1_efph6j4",
            "Comment ID": "efphyr7",
            "Author": "laninsterJr",
            "Date Created": "02-04-2019 00:24:49",
            "Upvotes": 1,
            "Text": "there is a demand. otherwise we would not process couple of trillion dollars last year. retail investors are continue to accumulate so as whales. I think whales have impact on the market but not as it used to be. For example Ver and Wu, they lost most of their holding due to bad decisions. also unless miners sell their coins most retails investors would just keep them..So supply is limited.",
            "Edited?": false,
            "Is Submitter?": false,
            "Stickied?": false
        }
    ],
    "efp4scv": [
        {
            "Parent ID": "t1_efp2qlp",
            "Comment ID": "efp4scv",
            "Author": "cryptogrip",
            "Date Created": "02-03-2019 20:53:51",
            "Upvotes": 2,
            "Text": "A plaque with \"At least he never stopped trying\" engraved along the bottom. :)",
            "Edited?": false,
            "Is Submitter?": false,
            "Stickied?": false
        }
    ],
    "efp8yi9": [
        {
            "Parent ID": "t1_efp5suo",
            "Comment ID": "efp8yi9",
            "Author": "alsomahler",
            "Date Created": "02-03-2019 22:05:15",
            "Upvotes": 1,
            "Text": "You can't generate a seed from the old wallet.\n\nYou can however send everything to a new wallet that is created from a seed. ",
            "Edited?": false,
            "Is Submitter?": false,
            "Stickied?": false
        }
    ],
    "efoizf2": [
        {
            "Parent ID": "t1_efoaauq",
            "Comment ID": "efoizf2",
            "Author": "TheGreatMuffin",
            "Date Created": "02-03-2019 16:04:04",
            "Upvotes": 2,
            "Text": "Where do you get that data from? Also, you compare two very different base layers. Ethereum is not as solid and secure as bitcoin's.  I mean, they're starting the whole base layer from scratch with ETH2.0, and the switch-over will take years, as I understand it. It's hella risky move if you want to use it as a secure monetary base layer. ",
            "Edited?": false,
            "Is Submitter?": false,
            "Stickied?": false
        }
    ]
}